id,marke,slug,produkte,beschreibung,seo_title,meta_description,focus_keyword
7049,420flow,420flow,12,"420flow ist eine Düngermarke mit bewusst kleinem Sortiment für alle, die es unkompliziert halten wollen.

Im Mittelpunkt steht ein All-in-One-Dünger, der Wachstum und Blüte abdeckt, ergänzt um einen Booster und pH-Konzentrate. Die Sets fassen die passenden Flaschen für einen kompletten Durchgang zusammen.",420flow Dünger und Sets kaufen | Hanfjack,"420flow: All-in-One-Dünger, Booster und pH-Konzentrate, auch als abgestimmte Sets. Jetzt bei Hanfjack bestellen.",420flow
7644,420z,420z,3,"420z stellt Kräutermischungen als Tabakersatz her – ohne Tabak und ohne Nikotin.

Die Mischungen bestehen aus getrockneten Blättern und Blüten und werden in 20-Gramm-Packungen angeboten. Auch nikotinfreie Mischungen erzeugen beim Verbrennen Schadstoffe; die Abgabe erfolgt erst ab 18 Jahren.",420z Kräutermischungen als Tabakersatz kaufen | Hanfjack,"420z: nikotinfreie Kräutermischungen als Tabakersatz in 20-g-Packungen, Abgabe erst ab 18 Jahren. Jetzt bei Hanfjack bestellen.",420z
8581,AC Infinity,ac-infinity,100,"AC Infinity ist ein US-Hersteller für Lüftungs- und Klimatechnik und im Shop vor allem mit Abluft, Filtern und Steuerung vertreten.

Die Geräte sind über das hauseigene UIS-System miteinander verbunden: Ventilatoren, Sensoren und Controller lassen sich zu einer gemeinsam geregelten Anlage zusammenstecken. Dazu kommen Aktivkohlefilter, Vorfiltertücher, Messtechnik und Werkzeug für die Ernte.","AC Infinity Abluft, Filter und Controller kaufen | Hanfjack","AC Infinity: Rohrventilatoren, Aktivkohlefilter, Sensoren und UIS-Controller für den Innenanbau. Jetzt bei Hanfjack bestellen.",AC Infinity
9072,Ace Seeds,ace-seeds,23,"Ace Seeds ist eine spanische Samenbank mit Schwerpunkt auf Landrassen und deren Erhaltung.

Statt auf maximale Potenz zielt das Programm auf genetische Vielfalt: Sorten aus Malawi, Panama, Kambodscha und dem Himalaya, oft in reiner Form oder als Kreuzung zweier Landrassen. Ein großer Teil des Sortiments ist regulär, weil sich die Linien nur so weiterzüchten lassen.",Ace Seeds Landrassen und Hanfsamen kaufen | Hanfjack,"Ace Seeds: Landrassen aus Malawi, Panama und Kambodscha, überwiegend regulär. Jetzt bei Hanfjack bestellen.",Ace Seeds
16516,Advanced Hydroponics,advanced-hydroponics,42,"Advanced Hydroponics of Holland stellt Nährlösungen und Zusätze her, die für den Anbau ohne Erde ausgelegt sind, sich aber auch in Substrat einsetzen lassen.

Neben dem Dreikomponenten-Grundsystem stehen Zusätze für einzelne Phasen: Bacto Force mit Mikroorganismen für das Wurzelumfeld, Flowering Boost und PK für die Blüte. Die meisten Mittel gibt es in mehreren Gebindegrößen von 100 ml bis zum Kanister.",Advanced Hydroponics Dünger und Zusätze kaufen | Hanfjack,"Advanced Hydroponics of Holland: Nährlösungen, Bacto Force, Flowering Boost und PK. Jetzt bei Hanfjack bestellen.",Advanced Hydroponics
16522,Air-Pot,air-pot,9,"Air-Pot ist ein schottischer Hersteller von Pflanztöpfen mit durchbrochener Wandung.

Die nach außen gerichteten Öffnungen führen dazu, dass Wurzelspitzen an der Luft abtrocknen statt am Topfrand im Kreis zu wachsen. Die Pflanze bildet daraufhin mehr Seitenwurzeln aus. Die Töpfe gibt es von 9 bis 39 Litern, dazu Ersatzschrauben zum Zusammenbau.",Air-Pot Pflanztöpfe kaufen | Hanfjack,"Air-Pot: Töpfe mit durchbrochener Wandung gegen Kreiselwurzeln, von 9 bis 39 Litern. Jetzt bei Hanfjack bestellen.",Air-Pot
4061,Alge,alge,7,"Alge führt Bio-Lebensmittel in Rohkostqualität – Samen, Pulver, Gewürze und Salze.

Im Sortiment stehen unter anderem Chiasamen, schwarzer Sesam, Maca-Pulver, Kokosblütenzucker und Halitsalz. Die Produkte sind biologisch zertifiziert und werden schonend verarbeitet, damit sie Rohkostqualität behalten.",Alge Bio-Lebensmittel in Rohkostqualität kaufen | Hanfjack,"Alge: Bio-Rohkost wie Chiasamen, Maca-Pulver, Kokosblütenzucker und Halitsalz. Jetzt bei Hanfjack bestellen.",Alge
4142,Alltest,alltest,0,"Alltest steht für Schnelltests zum Nachweis von Substanzen im Speichel.

Aus dem Programm stammt ein Speicheltest auf THC mit einer angegebenen Nachweisgrenze von 3,5 ng/ml. Weitergehende Herstellerangaben liegen uns zu dieser Marke nicht in belegbarer Form vor.",Alltest THC Speicheltest kaufen | Hanfjack,"Alltest: Speicheltest auf THC mit einer angegebenen Nachweisgrenze von 3,5 ng/ml. Jetzt bei Hanfjack bestellen.",Alltest
8140,Amsterdam,amsterdam,4,"Amsterdam ist eine Zubehörmarke mit Glas, Aufbewahrung und Rolling-Zubehör.

Im Sortiment stehen Bongs und Öl-Rigs in limitierten Sonderformen, geruchssichere Mylar-Beutel sowie Magnetdeckel für Rolling Trays.","Amsterdam Bongs, Rigs und Zubehör kaufen | Hanfjack","Amsterdam: Bongs und Öl-Rigs in Sonderformen, Mylar-Beutel und Tray-Magnetdeckel. Jetzt bei Hanfjack bestellen.",Amsterdam
9070,Amsterdam Genetics,amsterdam-genetics,37,"Amsterdam Genetics ist eine niederländische Samenbank, deren Sorten aus dem Umfeld der Amsterdamer Coffeeshops stammen.

Im Sortiment stehen Haus-Linien wie White Choco und Tangerine G13 neben Klassikern wie Super Silver Haze. Die meisten Sorten sind feminisiert, einige gibt es zusätzlich in selbstblühender Ausführung.",Amsterdam Genetics Hanfsamen kaufen | Hanfjack,"Amsterdam Genetics: Sorten aus dem Amsterdamer Coffeeshop-Umfeld, feminisiert und Auto. Jetzt bei Hanfjack bestellen.",Amsterdam Genetics
8702,Anders + Redelfs,anders-redelfs,1,"Anders + Redelfs ist ein deutscher Laborbedarfshersteller; im Shop steht die Pasteurpipette aus Polyethylen.

Mit 3 ml Fassungsvermögen dient sie zum tropfengenauen Abmessen kleiner Flüssigkeitsmengen, etwa bei hoch konzentrierten Zusätzen.",Anders + Redelfs Pasteurpipette kaufen | Hanfjack,Anders + Redelfs: Pasteurpipette aus PE mit 3 ml für tropfengenaues Dosieren. Jetzt bei Hanfjack bestellen.,Anders + Redelfs
2620,Anesia Seeds,anesia-seeds,46,"Anesia Seeds ist eine Samenbank mit Schwerpunkt auf besonders potenten Linien und veröffentlicht zu ihren Sorten Laborwerte.

Bekannt geworden ist die Marke mit Future #1, für die der Züchter 37 % THC angibt. Daneben stehen Klassiker in reiner Form – Landrassen wie Malawi Gold, Panama Red und Purple Thai – sowie eine wachsende Zahl selbstblühender Sorten.",Anesia Seeds Hanfsamen kaufen | Hanfjack,Anesia Seeds: besonders potente Linien wie Future #1 sowie reine Sativa-Landrassen. Jetzt bei Hanfjack bestellen.,Anesia Seeds
16322,Aptus Plant Care,aptus-plant-care,10,"Aptus Plant Care ist ein niederländischer Hersteller hochkonzentrierter Zusätze.

Die Mittel sind stark verdünnt anzuwenden, entsprechend ergiebig sind die Gebinde: Startbooster für die Jugendphase, Regulator für den Streckungswuchs, Top Booster und Super PK für die Blüte.",Aptus Plant Care Zusätze kaufen | Hanfjack,"Aptus: hochkonzentrierte Zusätze wie Startbooster, Regulator, Top Booster und Super PK. Jetzt bei Hanfjack bestellen.",Aptus Plant Care
13021,Aqua Master,aqua-master,19,"Aqua Master stellt Messtechnik und Dosiertechnik für Nährlösungen her.

Im Sortiment stehen pH- und EC-Messgeräte sowie Dosierpumpen der C-Reihe, die den Wert selbsttätig nachregeln. Dazu kommen Dosierschläuche, Sonden und Kalibrierlösungen als Verbrauchs- und Ersatzteile.",Aqua Master Messgeräte und Dosierpumpen kaufen | Hanfjack,"Aqua Master: pH- und EC-Messgeräte, Dosierpumpen der C-Reihe, Sonden und Zubehör. Jetzt bei Hanfjack bestellen.",Aqua Master
14179,Atami,atami,33,"Atami ist ein niederländischer Hersteller von Erden, Substraten und Düngern und führt zwei Linien nebeneinander.

Unter ATA laufen die Grunddünger je Substrat, unter B'cuzz die Booster und Zusätze wie Silic Boost. Bei den Substraten stehen Janeco-Lightmix als leicht vorgedüngte Erde, Bi Grow Mix und reine Kokossubstrate zur Wahl.","Atami Dünger, Erde und B'cuzz Booster kaufen | Hanfjack","Atami: ATA-Grunddünger, B'cuzz-Booster sowie Erden und Kokossubstrate wie Janeco-Lightmix. Jetzt bei Hanfjack bestellen.",Atami
11612,Athena,athena,33,"Athena ist ein US-Hersteller aus Kalifornien und richtet sich an den professionellen Anbau.

Das Programm besteht aus zwei Linien: Blended als Flüssigdünger und Pro als Trockendünger zum Anmischen, was bei größeren Mengen Transport und Lagerraum spart. Dazu kommen Balance für den pH-Wert, CaMg als Ergänzung, Cleanse gegen Ablagerungen in Leitungen und IPW als Blattwäsche.",Athena Dünger – Blended und Pro Line kaufen | Hanfjack,"Athena: Flüssigdünger der Blended Line und Trockendünger der Pro Line, dazu Balance, CaMg und Cleanse. Bei Hanfjack.",Athena
7664,Atlas Seed,atlas-seed,0,"Atlas Seed ist eine Samenbank mit einem kompakten Sortenprogramm.

Geführt werden Space Panda und Peanut Butter Soufflé, beide als 5er-Packung. Weitergehende Herstellerangaben liegen uns zu dieser Marke nicht in belegbarer Form vor.",Atlas Seed Hanfsamen kaufen | Hanfjack,Atlas Seed: Space Panda und Peanut Butter Soufflé als 5er-Packungen Hanfsamen. Jetzt bei Hanfjack bestellen.,Atlas Seed
1823,Atomic,atomic,1,"Atomic ist eine Zubehörmarke und im Shop mit einer Acrylbong vertreten.

Acryl ist leichter und bruchsicherer als Glas, dafür empfindlicher gegen Hitze und Kratzer. Das Modell misst 48 mm im Durchmesser.",Atomic Acrylbong kaufen | Hanfjack,Atomic: Acrylbong mit 48 mm Durchmesser – leichter und bruchsicherer als Glas. Jetzt bei Hanfjack bestellen.,Atomic
13018,AutoPot,autopot,69,"AutoPot baut Bewässerungssysteme, die ohne Pumpe und ohne Strom auskommen.

Herzstück ist das AQUAvalve: ein Schwimmerventil im Untersetzer, das Wasser aus einem höher stehenden Tank nachlaufen lässt und erst wieder öffnet, wenn der Topf leer gezogen ist. Dadurch entstehen automatische Trockenphasen zwischen den Gaben. Die Systeme gibt es von einzelnen Töpfen bis zu Aufbauten mit sechzig Behältern, dazu Verrohrung, Ventile und Ersatzteile.",AutoPot Bewässerungssysteme kaufen | Hanfjack,"AutoPot: Bewässerung ohne Pumpe und Strom über das AQUAvalve, von 1 Topf bis zur Großanlage. Jetzt bei Hanfjack bestellen.",AutoPot
8700,B. Braun,b-braun,2,"B. Braun ist ein deutscher Medizintechnikhersteller; im Shop stehen Abfüllhilfen aus diesem Programm.

Die Spritzen in 5 und 20 ml dienen zum genauen Abmessen kleiner Flüssigkeitsmengen – etwa beim Dosieren konzentrierter Dünger, wo ein Messbecher zu grob ist.",B. Braun Abfüllhilfen kaufen | Hanfjack,B. Braun: Abfüllhilfen in 5 und 20 ml zum genauen Dosieren konzentrierter Dünger. Jetzt bei Hanfjack.,B. Braun
1482,Barneys Farm,barneys-farm,124,"Barneys Farm züchtet seit den Neunzigern in Amsterdam und gehört zu den meistausgezeichneten Samenbanken überhaupt.

Das Sortiment reicht von Klassikern wie Pineapple Chunk und Critical Kush bis zu aktuellen Cali-Kreuzungen wie Mimosa x Orange Punch, Gelato #45 und Zoap. Zu den meisten Sorten gibt es eine selbstblühende Fassung; einige Linien führt der Züchter zusätzlich als reguläre Samen für die Zuchtarbeit. Dazu kommt etwas Zubehör wie Metalldosen, Papers und ein Taschenmikroskop.",Barneys Farm Hanfsamen kaufen | Hanfjack,"Barneys Farm: feminisierte, autoflowering und reguläre Samen aus Amsterdam, von Classics bis Cali. Jetzt bei Hanfjack bestellen.",Barneys Farm
16324,BIO NOVA,bio-nova,1,"BIO NOVA ist ein niederländischer Düngerhersteller; im Shop steht der AutoFlowering SuperMix.

Der Dünger ist auf den kurzen Zyklus selbstblühender Pflanzen abgestimmt, bei denen Wachstum und Blüte dicht aufeinanderfolgen. Erhältlich in 1 Liter.",BIO NOVA AutoFlowering SuperMix kaufen | Hanfjack,"BIO NOVA: AutoFlowering SuperMix, abgestimmt auf den kurzen Zyklus selbstblühender Pflanzen. Bei Hanfjack.",BIO NOVA
4233,BioBizz,biobizz,25,"BioBizz ist ein niederländischer Hersteller, der ausschließlich organisch arbeitet – alle Dünger der Marke sind biologisch zertifiziert.

Die Erden Light-Mix und All-Mix unterscheiden sich in der Vordüngung, die Flüssigdünger Bio Grow und Bio Bloom decken Wachstum und Blüte ab. Für den Einstieg gibt es die Try Packs für Innen- und Außenanbau, die das passende Set zusammenfassen.",BioBizz organische Dünger und Erde kaufen | Hanfjack,"BioBizz: rein organische Dünger, Light-Mix und All-Mix Erde sowie Try Packs für den Einstieg. Jetzt bei Hanfjack.",BioBizz
16475,Biodor,biodor,0,"Biodor stellt Geruchsneutralisierer in Gelform her.

Die Reihe Control CNB gibt es mit 33 und 200 g, neutral oder mit Eukalyptusnote. Das Gel wird offen aufgestellt. Weitergehende Herstellerangaben liegen uns zu dieser Marke nicht in belegbarer Form vor.",Biodor Control CNB Geruchsgel kaufen | Hanfjack,"Biodor Control CNB: Geruchsneutralisierer als Gel mit 33 und 200 g, neutral oder Eukalyptus. Bei Hanfjack.",Biodor
3960,BioTabs,biotabs,25,"BioTabs setzt auf einen anderen Ansatz als flüssige Dünger: gepresste Tabletten, die beim Umtopfen ins Substrat kommen und über Monate abgeben.

Ergänzt wird das durch Mycotrex mit Mykorrhizapilzen, Bactrex mit Bodenbakterien und Guerrilla Juice als flüssige Nachdüngung. Das Starterpack fasst die Bestandteile für einen kompletten Durchgang zusammen.",BioTabs Dünger-Tabletten und Bodenleben kaufen | Hanfjack,"BioTabs: Düngetabletten mit Langzeitwirkung, Mycotrex, Bactrex und Guerrilla Juice. Jetzt bei Hanfjack bestellen.",BioTabs
16477,Birchmeier,birchmeier,1,"Birchmeier ist ein Schweizer Hersteller von Sprühgeräten mit über hundertjähriger Geschichte.

Die Rückenspritze PR3 in der Profi-Ausführung ist für den regelmäßigen Einsatz auf größeren Flächen ausgelegt und wird über einen Handhebel unter Druck gesetzt.",Birchmeier Rückenspritze PR3 kaufen | Hanfjack,Birchmeier: Rückenspritze PR3 Profi aus der Schweiz für den regelmäßigen Einsatz. Jetzt bei Hanfjack.,Birchmeier
7321,Black Leaf,black-leaf,3,"Black Leaf ist eine Zubehörmarke mit Glas, Dabbing-Werkzeug und Kleinteilen.

Im Sortiment stehen Glaspfeifen, Silikonmatten für Konzentrate und elektrische Dab-Werkzeuge mit Keramikspitze und Temperaturanzeige.",Black Leaf Glas und Dabbing-Zubehör kaufen | Hanfjack,"Black Leaf: Glaspfeifen, Silikonmatten und elektrische Dab-Werkzeuge mit Keramikspitze. Bei Hanfjack bestellen.",Black Leaf
1231,Blimburn Seeds,blimburn-seeds,1,"Blimburn Seeds ist eine spanische Samenbank; im Shop steht Rainbow Sherbet #11.

Die Sorte gehört zur Sherbet-Familie. Weitergehende Züchterangaben liegen zu dieser Linie nicht in belegbarer Form vor.",Blimburn Seeds Rainbow Sherbet kaufen | Hanfjack,"Blimburn Seeds: Rainbow Sherbet #11 aus der Sherbet-Familie, spanische Samenbank. Jetzt bei Hanfjack bestellen.",Blimburn Seeds
13846,Bloom Seeds,bloom-seeds,1,"Bloom Seeds ist eine Samenbank; im Shop steht die Sorte Strawberry Guave.

Ausführliche Züchterangaben zu dieser Linie liegen nicht in belegbarer Form vor.",Bloom Seeds Strawberry Guave kaufen | Hanfjack,Bloom Seeds: Strawberry Guave – eine Linie mit fruchtigem Profil aus dem Programm der Marke. Bei Hanfjack.,Bloom Seeds
11750,Bloomstar,bloomstar,22,"Bloomstar liefert Ausstattung für den Innenanbau – Growboxen, LED-Lampen und Zeltzubehör.

Die Boxen gibt es in mehreren Formaten vom 60er-Würfel bis zu rechteckigen Aufbauten. Dazu kommen Scrog-Netze in passenden Größen, mit denen sich der Bestand waagerecht führen lässt.","Bloomstar Growboxen, LED und Scrog-Netze kaufen | Hanfjack","Bloomstar: Growboxen in mehreren Formaten, LED-Lampen und passende Scrog-Netze. Jetzt bei Hanfjack bestellen.",Bloomstar
16486,Bloomtech,bloomtech,14,"Bloomtech liefert Kleinteile für die Pflanzenführung – das Zubehör, das im Zelt täglich gebraucht wird.

Dazu gehören ummantelter Bindedraht, Stütznetze in mehreren Längen, Stabklammern und Material für die Stecklingsanzucht. Die Netze gibt es auch als Rollenware für größere Flächen.","Bloomtech Bindedraht, Stütznetze und Klammern kaufen | Hanfjack","Bloomtech: ummantelter Bindedraht, Stütznetze in mehreren Größen und Stabklammern. Jetzt bei Hanfjack bestellen.",Bloomtech
1776,Bob Marley,bob-marley,1,"Bob Marley ist eine lizenzierte Papermarke; im Shop stehen King-Size-Papers.

Die Blättchen kommen im üblichen King-Size-Format. Die Marke arbeitet mit dem Namen und den Farben des Musikers.",Bob Marley King Size Papers kaufen | Hanfjack,Bob Marley: lizenzierte King-Size-Papers im klassischen Format der Marke. Jetzt bei Hanfjack bestellen.,Bob Marley
9012,Bobby Green,bobby-green,2,"Bobby Green führt Kräutermischungen als Tabakersatz, durchnummeriert statt mit Fantasienamen.

Die Mischungen kommen in 20-Gramm-Packungen und enthalten weder Tabak noch Nikotin. Auch nikotinfreie Mischungen erzeugen beim Verbrennen Schadstoffe; die Abgabe erfolgt erst ab 18 Jahren.",Bobby Green Kräutermischungen kaufen | Hanfjack,"Bobby Green: nikotinfreie Kräutermischungen als Tabakersatz in 20-g-Packungen, Abgabe ab 18 Jahren. Bei Hanfjack.",Bobby Green
13838,Bomb Seeds,bomb-seeds,1,"Bomb Seeds ist eine Samenbank, deren Sorten durchgehend den Namenszusatz Bomb tragen.

Im Shop steht Atomic Bomber. Ausführliche Züchterangaben liegen zu dieser Linie nicht in belegbarer Form vor.",Bomb Seeds Atomic Bomber kaufen | Hanfjack,Bomb Seeds: Atomic Bomber aus dem Programm der Samenbank mit den Bomb-Sorten. Jetzt bei Hanfjack bestellen.,Bomb Seeds
16473,Boveda,boveda,2,"Boveda ist der Hersteller, der die Zwei-Wege-Feuchtigkeitsregelung bekannt gemacht hat.

Die Packs geben Feuchtigkeit ab, wenn die Luft zu trocken ist, und nehmen sie auf, wenn sie zu feucht wird – bis sich der aufgedruckte Wert einstellt. Im Shop stehen die 320-Gramm-Packs für 58 % und 62 % relative Feuchte, ausgelegt für größere Behälter.",Boveda Hygro-Packs 58% und 62% kaufen | Hanfjack,Boveda: Zwei-Wege-Feuchtigkeitsregler mit 320 g für 58 % und 62 % relative Feuchte. Jetzt bei Hanfjack bestellen.,Boveda
7665,Brothers Grimm Seeds,brothers-grimm-seeds,26,"Brothers Grimm Seeds ist eine US-Samenbank, die in den Neunzigern mit Cinderella 99 bekannt wurde und nach langer Pause zurückkehrte.

Im Sortiment stehen die historischen Linien – Cinderella 99, Space Queen, Princess Haze – neben neueren Kreuzungen. Die Sorten sind feminisiert.",Brothers Grimm Seeds Hanfsamen kaufen | Hanfjack,"Brothers Grimm Seeds: Cinderella 99, Space Queen und Princess Haze, feminisiert. Jetzt bei Hanfjack bestellen.",Brothers Grimm Seeds
1443,Buddha Seeds,buddha-seeds,34,"Buddha Seeds ist eine spanische Samenbank und war einer der frühen Anbieter selbstblühender Sorten.

Die Dwarf-Reihe – White Dwarf, Red Dwarf – steht für besonders kompakte Autoflower, daneben gibt es größere Linien wie Syrup und Vesta sowie photoperiodische und CBD-reiche Sorten.",Buddha Seeds Hanfsamen kaufen | Hanfjack,"Buddha Seeds: kompakte Autoflower der Dwarf-Reihe, photoperiodische und CBD-Sorten. Jetzt bei Hanfjack bestellen.",Buddha Seeds
4746,Bulk Seed Bank,bulk-seed-bank,1,"Bulk Seed Bank ist eine Samenbank, die auf Sammelpackungen zu günstigen Stückpreisen setzt.

Im Shop steht die Gorilla Glue #4 – eine der harzreichsten Linien überhaupt und Ausgangspunkt zahlreicher Kreuzungen.",Bulk Seed Bank Gorilla Glue GG4 kaufen | Hanfjack,"Bulk Seed Bank: Gorilla Glue #4, eine der harzreichsten Linien, zum günstigen Stückpreis. Bei Hanfjack.",Bulk Seed Bank
16328,C-Résult,c-result,9,"C-Résult ist eine Düngerlinie mit einem Zweikomponenten-Grunddünger und ergänzenden Zusätzen.

A&amp;B bildet die Basis für alle Phasen, Gold und Silver setzen in Blüte und Reife eigene Schwerpunkte. Die Gebinde reichen von 1 bis 5 Litern.",C-Résult Dünger kaufen | Hanfjack,C-Résult: Zweikomponenten-Grunddünger A&B sowie die Zusätze Gold und Silver. Jetzt bei Hanfjack bestellen.,C-Résult
1195,Calitamex,calitamex,9,"Calitamex stellt CBD-Produkte für Hunde her – Öle, Kausnacks und Pflegemittel.

Die Öle sind Ergänzungsfuttermittel und in zwei Konzentrationen erhältlich, ergänzt um Zutaten wie Kamille, Kurkuma oder Algenöl. Dazu kommen äußerlich angewendete Produkte wie Pfotenbalsam, Zahngel und Ohrentropfen. Alle Artikel sind ausschließlich für Hunde bestimmt und ersetzen keine tierärztliche Behandlung.",Calitamex CBD für Hunde kaufen | Hanfjack,"Calitamex: CBD-Öle, Kausnacks und Pflegemittel für Hunde, in zwei Konzentrationen. Jetzt bei Hanfjack bestellen.",Calitamex
6624,Caluma,caluma,2,"Caluma liefert Zubehör für die Einrichtung von Anbauräumen.

Im Sortiment stehen oszillierende Klemmventilatoren für die Luftumwälzung sowie Aufhängesysteme, mit denen sich Lampen und Filter höhenverstellbar montieren lassen.",Caluma Ventilatoren und Aufhängesysteme kaufen | Hanfjack,Caluma: oszillierende Klemmventilatoren und höhenverstellbare Aufhängesysteme für Lampen und Filter. Bei Hanfjack.,Caluma
15938,CAN-Filters,can-filters,49,"CAN-Filters ist ein niederländischer Hersteller von Aktivkohlefiltern und Ventilatoren und einer der ältesten Namen in diesem Bereich.

Das Programm reicht von Filtern für kleine Zelte bis zu Anlagen mit 4500 m³/h. Die Can-Fan-Ventilatoren gibt es mit klassischem AC-Motor und als EC-Ausführung, die sich stufenlos regeln lässt und im Teillastbetrieb deutlich weniger Strom zieht.",CAN-Filters Aktivkohlefilter und Ventilatoren kaufen | Hanfjack,"CAN-Filters: Aktivkohlefilter und Can-Fan-Ventilatoren mit AC- und EC-Motor, bis 4500 m³/h. Jetzt bei Hanfjack bestellen.",CAN-Filters
13050,Canna,canna,71,"Canna ist ein niederländischer Düngerhersteller und im Shop mit kompletten Nährstofflinien für unterschiedliche Substrate vertreten.

Die Reihen sind nach dem Anbaumedium benannt: Terra für Erde, Coco für Kokos, Aqua und Hydro für Systeme ohne Substrat, Bio für den organischen Anbau. Innerhalb jeder Reihe gibt es je einen Wachstums- und einen Blütedünger, dazu Zusätze wie Rhizotonic, Cannazym und PK 13/14.","Canna Dünger für Erde, Kokos und Hydro kaufen | Hanfjack","Canna: Terra, Coco, Aqua und Bio – abgestimmte Düngerlinien je Substrat plus Zusätze. Jetzt bei Hanfjack bestellen.",Canna
13843,Cannarado x Phinest,cannarado-x-phinest,1,"Cannarado x Phinest ist eine Zusammenarbeit zweier US-Samenbanken.

Im Shop steht die Linie Grapes &amp; Creme. Ausführliche Züchterangaben liegen zu dieser Sorte nicht in belegbarer Form vor.",Cannarado x Phinest Grapes & Creme kaufen | Hanfjack,Cannarado x Phinest: Grapes & Creme aus der Zusammenarbeit zweier US-Samenbanken. Jetzt bei Hanfjack.,Cannarado x Phinest
12996,CannaVita,cannavita,1,"CannaVita führt kaltgepresstes Bio-Hanfsamenöl.

Kaltpressung heißt, dass beim Pressen keine Wärme zugeführt wird – das Öl behält dadurch sein Fettsäureprofil. Es ist ein Lebensmittel und für die kalte Küche gedacht, nicht zum Braten.",CannaVita Bio Hanfsamenöl kaufen | Hanfjack,"CannaVita: kaltgepresstes Bio-Hanfsamenöl für die kalte Küche, nicht zum Erhitzen. Jetzt bei Hanfjack.",CannaVita
13851,Capulator Cut,capulator-cut,1,"Capulator Cut steht für Samen aus der Schnittlinie des US-Züchters Capulator.

Im Shop steht Miracle Alien Cookies, kurz MAC1 – eine der bekanntesten Linien der letzten Jahre und Elternteil zahlreicher Kreuzungen.",Capulator Cut MAC1 Hanfsamen kaufen | Hanfjack,"Capulator Cut: Miracle Alien Cookies MAC1, eine der bekanntesten US-Linien. Jetzt bei Hanfjack bestellen.",Capulator Cut
16088,Carson,carson,11,"Carson ist ein US-Hersteller optischer Geräte und im Shop mit Taschenmikroskopen und Lupen vertreten.

Die Geräte decken unterschiedliche Vergrößerungen ab und lassen sich teils ans Smartphone koppeln, um Aufnahmen zu machen. Im Anbau werden sie vor allem für die Trichomkontrolle vor der Ernte und zum Aufspüren von Schädlingen genutzt.",Carson Mikroskope und Lupen kaufen | Hanfjack,"Carson: Taschenmikroskope und Lupen für Trichomkontrolle und Schädlingssuche, teils mit Smartphone-Kopplung. Bei Hanfjack.",Carson
16504,CenturionPro,centurionpro,18,"CenturionPro ist ein kanadischer Hersteller von Trimmmaschinen für den gewerblichen Einsatz.

Neben den Maschinen selbst – von der Tabletop bis zum Triple High Performance Bucker – führt der Shop die Verschleißteile: Bürstwalzen, Riemen, Lager und Sammelbeutel, die bei Dauerbetrieb regelmäßig getauscht werden.",CenturionPro Trimmmaschinen und Ersatzteile kaufen | Hanfjack,"CenturionPro: Trimmmaschinen und Bucker aus Kanada samt Bürstwalzen, Riemen und Lagern. Jetzt bei Hanfjack.",CenturionPro
7320,Champ High,champ-high,1,"Champ High ist eine Zubehörmarke und im Shop mit einem Grinder vertreten.

Der vierteilige Aufbau trennt Mahlwerk, Auffangkammer und Pollenfach voneinander, sodass sich das feine Material unten getrennt sammelt.",Champ High Grinder kaufen | Hanfjack,Champ High: vierteiliger Grinder mit Sieb und getrenntem Pollenfach für das feine Material. Jetzt bei Hanfjack bestellen.,Champ High
16466,Chikamasa,chikamasa,6,"Chikamasa ist ein japanischer Scherenhersteller und im Gartenbau seit Jahrzehnten gesetzt.

Die Erntescheren gibt es mit gerader und gebogener Klinge, teils fluorbeschichtet, damit weniger Harz haften bleibt. Die ultraleichten Modelle sind für langes Trimmen in einer Sitzung ausgelegt.",Chikamasa Erntescheren kaufen | Hanfjack,"Chikamasa: japanische Erntescheren, gerade und gebogen, teils fluorbeschichtet gegen Harz. Bei Hanfjack bestellen.",Chikamasa
12998,Chillo,chillo,1,"Chillo führt einen Eistee mit Hanf in der 250-ml-Dose.

Das Getränk ist ein Lebensmittel und enthält Hanf als geschmackgebenden Bestandteil. Angaben zu einer gesundheitlichen Wirkung sind nicht zulässig.",Chillo Cannabis Ice Tea kaufen | Hanfjack,"Chillo: Eistee mit Hanf in der 250-ml-Dose – ein Erfrischungsgetränk, kein Wirkstoffprodukt. Bei Hanfjack.",Chillo
14101,Cipher Genetics,cipher-genetics,18,"Cipher Genetics ist eine US-Samenbank mit feminisierten und regulären Linien.

Das Programm umfasst Sorten wie Blue Corgi, Alien Acid, Rodeo Dawg und Kerosene Drip. Ausführliche Datenblätter zu den einzelnen Linien veröffentlicht der Züchter nicht.",Cipher Genetics Hanfsamen kaufen | Hanfjack,Cipher Genetics: feminisierte und reguläre US-Linien wie Blue Corgi und Kerosene Drip. Jetzt bei Hanfjack bestellen.,Cipher Genetics
13845,Clone Only,clone-only,1,"Clone Only steht für Samen aus Linien, die ursprünglich nur als Steckling weitergegeben wurden.

Im Shop steht Sherb Creme Pie. Solche Linien sind über Samen sonst kaum zugänglich, weil sie beim Züchter nur vegetativ vermehrt wurden.",Clone Only Sherb Creme Pie kaufen | Hanfjack,Clone Only: Sherb Creme Pie – eine Linie aus ursprünglich nur vegetativ vermehrter Genetik. Bei Hanfjack.,Clone Only
1236,Compound Genetics,compound-genetics,25,"Compound Genetics ist eine US-Samenbank und hat mit Apples &amp; Bananas eine der meistkopierten Linien der letzten Jahre hervorgebracht.

Das Programm besteht aus feminisierten Hybriden in Dreierpackungen, darunter Jokerz 31, Marshmallow OG und JAHrassic. Die Linien stammen überwiegend aus dem eigenen Zuchtprogramm.",Compound Genetics Hanfsamen kaufen | Hanfjack,Compound Genetics: feminisierte US-Hybriden wie Apples & Bananas und Jokerz 31. Jetzt bei Hanfjack bestellen.,Compound Genetics
2173,Cookies,cookies,1,"Cookies ist eine kalifornische Marke, die aus der Girl-Scout-Cookies-Genetik hervorgegangen ist.

Im Shop steht Dried Fruit als Dreierpackung. Die Linien der Marke stammen aus dem eigenen Zuchtprogramm.",Cookies Seeds Dried Fruit kaufen | Hanfjack,Cookies: Dried Fruit als 3er-Packung aus dem kalifornischen Zuchtprogramm der Marke. Jetzt bei Hanfjack.,Cookies
13876,Crockett Family Farms x DNA Genetics,crockett-family-farms-x-dna-genetics,1,"Crockett Family Farms x DNA Genetics ist eine Zusammenarbeit zweier US-Samenbanken.

Im Shop steht Tangie Land – eine Linie aus dem Tangie-Umfeld, für das Crockett Family Farms bekannt ist.",Crockett Family Farms x DNA Genetics Tangie Land kaufen | Hanfjack,Crockett Family Farms x DNA Genetics: Tangie Land aus dem bekannten Tangie-Umfeld. Jetzt bei Hanfjack bestellen.,Crockett Family Farms x DNA Genetics
5187,CTIP,ctip,1,"CTIP stellt Aktivkohlefilter in konischer Form her.

Der konische Zuschnitt verjüngt sich zum Mundstück hin und passt dadurch für Durchmesser von 6 bis 7 mm.",CTIP Aktivkohlefilter konisch kaufen | Hanfjack,"CTIP: konische Aktivkohlefilter, die sich zum Mundstück verjüngen und für 6 bis 7 mm passen. Bei Hanfjack.",CTIP
1822,Cyclones,cyclones,1,"Cyclones stellt vorgerollte Cones aus Hanfpapier her – fertig geformte Hülsen, die nur noch befüllt werden müssen.

Kennzeichen der Marke sind der Holz-Tip als Mundstück und die wiederverschließbaren Röhrchen, in denen die Cones geliefert werden. Neben der neutralen Ausführung gibt es aromatisierte Varianten. Die Cones sind tabak- und nikotinfrei.",Cyclones vorgerollte Cones kaufen | Hanfjack,"Cyclones: vorgerollte Cones aus Hanfpapier mit Holz-Tip, tabak- und nikotinfrei. Jetzt bei Hanfjack bestellen.",Cyclones
16063,Dec Ducting,dec-ducting,9,"Dec Ducting liefert Luftführung für Abluftanlagen – Schläuche, Verbinder und Zubehör.

Das Programm umfasst Aluflexschläuche und Combiconnect in Durchmessern von 102 bis 315 mm, jeweils als Meterware. Damit lässt sich die Strecke zwischen Filter, Ventilator und Auslass passend konfektionieren.",Dec Ducting Aluflexschlauch und Verbinder kaufen | Hanfjack,Dec Ducting: Aluflexschläuche und Combiconnect von 102 bis 315 mm als Meterware. Jetzt bei Hanfjack bestellen.,Dec Ducting
13849,Deep East Farms X Doja,deep-east-farms-x-doja,1,"Deep East Farms X Doja ist eine Zusammenarbeit zweier US-Samenbanken.

Im Shop steht Studio 54. Ausführliche Züchterangaben liegen zu dieser Linie nicht in belegbarer Form vor.",Deep East Farms X Doja Studio 54 kaufen | Hanfjack,Deep East Farms X Doja: Studio 54 aus der Zusammenarbeit zweier US-Samenbanken. Jetzt bei Hanfjack bestellen.,Deep East Farms X Doja
16470,DiamondBox,diamondbox,8,"DiamondBox baut Growboxen in mehreren Größen.

Die SL-Reihe ist nach der Kantenlänge benannt – SL60 für 60 cm Grundfläche, SL90 für 90 cm und so weiter. Damit lässt sich die passende Box direkt über die Typenbezeichnung auswählen.",DiamondBox Growboxen kaufen | Hanfjack,"DiamondBox: Growboxen der SL-Reihe, benannt nach der Kantenlänge von 58 bis 90 cm. Jetzt bei Hanfjack bestellen.",DiamondBox
15916,Dimlux,dimlux,5,"Dimlux ist ein niederländischer Hersteller von Beleuchtung für den professionellen Anbau.

Die Xtreme-Serie ergänzt das Spektrum um NIR, also nahes Infrarot; die Xplore-Reihe deckt den Bereich darunter ab. Die Leuchten sind auf große Flächen und durchgehenden Betrieb ausgelegt.",Dimlux LED Growlampen kaufen | Hanfjack,Dimlux: Xtreme-LED mit NIR-Anteil und Xplore-Serie für den professionellen Anbau. Jetzt bei Hanfjack bestellen.,Dimlux
7041,DIPSE,dipse,2,"DIPSE ist ein deutscher Hersteller von Feinwaagen.

Die Modelle im Shop wiegen auf 0,01 Gramm genau: die Jungle als Taschenwaage mit gummiertem Gehäuse und Magnetdeckel, die Dab Scale mit Edelstahlfläche und Zubehörfach für Dabber, Matte und Silikondöschen.",DIPSE Feinwaagen kaufen | Hanfjack,"DIPSE: Feinwaagen mit 0,01 g Ablesbarkeit – Jungle als Taschenwaage und Dab Scale mit Zubehörfach. Bei Hanfjack.",DIPSE
14081,DNA Genetics,dna-genetics,11,"DNA Genetics ist eine Samenbank, die aus Kalifornien nach Amsterdam ging und dort seit den Neunzigern arbeitet.

Chocolope und LA Confidential gehören zu den bekanntesten Linien der Marke. Das Programm umfasst feminisierte und reguläre Samen; reguläre Packungen sind hier für alle interessant, die selbst weiterzüchten wollen.",DNA Genetics Hanfsamen kaufen | Hanfjack,"DNA Genetics aus Amsterdam: Klassiker wie Chocolope, feminisiert und regulär. Jetzt bei Hanfjack bestellen.",DNA Genetics
4725,Doja,doja,7,"Doja ist eine US-Samenbank mit feminisierten und regulären Linien.

Die Sorten tragen Namen wie Lemonessence, Lemongrass Gas und Melon Melange und kommen je nach Linie in Dreier- oder Sechserpackungen.",Doja Hanfsamen kaufen | Hanfjack,Doja: feminisierte und reguläre US-Linien wie Lemonessence und Melon Melange. Jetzt bei Hanfjack bestellen.,Doja
11574,Doktorfreezy,doktorfreezy,1,"Doktorfreezy führt ein Reinigungsset für Glas und Zubehör.

Das CleanUp-Set fasst die Mittel zusammen, mit denen sich Rückstände aus Bongs, Köpfen und Kleinteilen lösen lassen.",Doktorfreezy CleanUp-Set kaufen | Hanfjack,"Doktorfreezy: CleanUp-Set zum Lösen von Rückständen aus Bongs, Köpfen und Kleinteilen. Jetzt bei Hanfjack.",Doktorfreezy
2183,Dope Seeds,dope-seeds,0,"Dope Seeds ist eine Samenbank mit eigenen Kreuzungen und auffälligen Sortennamen.

Zum Programm gehören Zee Bird, Under Preszure, PAWG, Killer Bean, Broken Dreams, Bohemian Raspberry, Bobby Mc Zee, Black Zesty, Bicycle Blaze und American High. Weitergehende Herstellerangaben liegen uns zu dieser Marke nicht in belegbarer Form vor.",Dope Seeds Hanfsamen kaufen | Hanfjack,"Dope Seeds: eigene Kreuzungen wie Zee Bird, PAWG, Killer Bean und Bohemian Raspberry. Jetzt bei Hanfjack bestellen.",Dope Seeds
1947,DrainMaster,drainmaster,1,"DrainMaster führt Untersetzer für Pflanztöpfe.

Der Untersetzer fängt ablaufendes Gießwasser auf und hält es vom Boden fern. Im Shop steht ein Einzelset.",DrainMaster Untersetzer kaufen | Hanfjack,"DrainMaster: Untersetzer für Pflanztöpfe, der ablaufendes Gießwasser auffängt. Jetzt bei Hanfjack bestellen.",DrainMaster
2621,Dutch Passion,dutch-passion,111,"Dutch Passion ist eine der ältesten noch bestehenden Samenbanken Europas und arbeitet seit 1987 von den Niederlanden aus.

Im Programm stehen photoperiodische und selbstblühende Sorten, dazu CBD- und CBG-reiche Linien wie CBD Mazar, Auto CBD-Victory und Auto CBG-Force. Die Marke veröffentlicht zu vielen Sorten unabhängig gemessene Cannabinoidwerte statt reiner Züchterangaben.",Dutch Passion Hanfsamen kaufen | Hanfjack,"Dutch Passion: feminisierte, autoflowering sowie CBD- und CBG-reiche Sorten seit 1987. Jetzt bei Hanfjack bestellen.",Dutch Passion
11568,e-zwider,e-zwider,1,"e-zwider führt aromatisierte Papers im Format 1 1/2.

Das Format liegt zwischen den kurzen Blättchen und King Size. Im Shop steht die Ausführung mit Erdbeeraroma.",e-zwider Papers 1 1/2 kaufen | Hanfjack,"e-zwider: aromatisierte Papers im Format 1 1/2, zwischen kurz und King Size. Jetzt bei Hanfjack bestellen.",e-zwider
16464,Easy Grow,easy-grow,6,"Easy Grow liefert Folien und Zubehör für die Auskleidung von Anbauräumen.

Die Schwarz-Weiß-Folie reflektiert auf der weißen Seite und hält auf der schwarzen das Licht zurück; die Diamond-Folie hat eine strukturierte Oberfläche, die das Licht breiter streut. Dazu kommen Grownetze in verstellbaren Größen.",Easy Grow Folien und Grownetze kaufen | Hanfjack,Easy Grow: Schwarz-Weiß- und Diamond-Reflexionsfolie sowie verstellbare Grownetze. Jetzt bei Hanfjack bestellen.,Easy Grow
13074,Easy Grow LTD,easy-grow-ltd,2,"Easy Grow LTD liefert Erntescheren in zwei Klingenformen.

Gerade Klingen eignen sich für den groben Schnitt, gebogene kommen enger an die Blüte heran, ohne sie zu quetschen. Beide Ausführungen sind für längeres Trimmen ausgelegt.",Easy Grow LTD Erntescheren kaufen | Hanfjack,Easy Grow LTD: Erntescheren mit geraden und gebogenen Klingen für groben und feinen Schnitt. Bei Hanfjack.,Easy Grow LTD
16447,Eazy Plug,eazy-plug,4,"Eazy Plug stellt Anzuchtwürfel aus einer Mischung von Perlit, Torf und Kokos her.

Die Würfel sind pH-stabil eingestellt und vollständig kompostierbar; sie werden direkt mitgepflanzt, ohne dass die Wurzel gestört wird. Es gibt sie als Trays in mehreren Stückzahlen und als größeren Eazy Block.",Eazy Plug Anzuchtwürfel und Blocks kaufen | Hanfjack,"Eazy Plug: pH-stabile Anzuchtwürfel aus Perlit, Torf und Kokos, kompostierbar, als Tray oder Block. Bei Hanfjack.",Eazy Plug
6531,eazyplug,eazyplug,2,"Eazy Plug stellt Anzuchtwürfel aus Perlit, Torf und Kokos her, die pH-stabil eingestellt und kompostierbar sind.

Unter diesem Eintrag stehen die Trays in verschiedenen Stückzahlen und Würfelgrößen – von 24 Stück mit 3,5 cm Kantenlänge bis 150 Stück mit 2,5 cm.",Eazy Plug Stecklingsblöcke und Trays kaufen | Hanfjack,"Eazy Plug: Trays mit Anzuchtwürfeln aus Perlit, Torf und Kokos, pH-stabil und kompostierbar. Bei Hanfjack.",Eazy Plug
1744,Elements,elements,5,"Elements stellt Papers aus Reis her – ein Papier, das fast rückstandsfrei abbrennt.

Erkennungsmerkmal ist das CrissCross-Wasserzeichen, das ein gleichmäßiges Abbrennen unterstützt, sowie die Gummierung aus Zuckergummi statt Klebstoff. Neben Papers in mehreren Farben führt die Marke Aluminiumgrinder.",Elements Reispapers und Grinder kaufen | Hanfjack,"Elements: Papers aus 100 % Reis mit Zuckergummi und CrissCross-Wasserzeichen, dazu Grinder. Bei Hanfjack.",Elements
12986,Enecta,enecta,1,"Enecta ist ein italienischer CBD-Hersteller; im Shop steht ein CBD-Öl für Haustiere.

Das Öl ist ein Ergänzungsfuttermittel mit 5 % CBD in 500 mg. Es ersetzt keine tierärztliche Behandlung.",Enecta CBD-Öl für Haustiere kaufen | Hanfjack,"Enecta: CBD-Öl für Haustiere mit 5 %, als Ergänzungsfuttermittel aus Italien. Jetzt bei Hanfjack bestellen.",Enecta
16518,Essentials,essentials,28,"Essentials ist eine Düngerlinie, die einzelne Aufgaben getrennt abdeckt, statt ein komplettes Programm vorzugeben.

Die PLUS-Reihe umfasst unter anderem FLUSH zum Ausspülen des Substrats vor der Ernte, NO STRESS als Pflanzenhilfsmittel und PK 13/14 für die Blüte. Die meisten Mittel gibt es von 250 ml bis zum 5-Liter-Kanister.",Essentials Dünger und Zusätze kaufen | Hanfjack,"Essentials: PLUS-Reihe mit FLUSH, NO STRESS und PK 13/14 in Gebinden von 250 ml bis 5 L. Jetzt bei Hanfjack bestellen.",Essentials
1249,Ethos Genetics,ethos-genetics,87,"Ethos Genetics ist eine US-Samenbank, die ihre Linien über viele Rückkreuzungen stabilisiert und das in den Sortennamen offenlegt.

Die Kürzel sind Teil der Arbeitsweise: R1 steht für eine erste Selektionsrunde, RBX für eine Rückkreuzung, die Ziffer für deren Generation. Entsprechend einheitlich fallen die Pflanzen innerhalb einer Packung aus. Neben Einzelsorten gibt es Multi-Packs, die mehrere Linien in einer Packung bündeln.",Ethos Genetics Hanfsamen kaufen | Hanfjack,"Ethos Genetics: US-Genetik mit R1- und RBX-Selektionen, feminisiert und autoflowering. Jetzt bei Hanfjack bestellen.",Ethos Genetics
12982,Euphoria,euphoria,2,"Euphoria führt CBD-Produkte für Haustiere – Öle für Katzen und Pflegemittel für Pfoten und Krallen.

Die Öle sind Ergänzungsfuttermittel in niedriger Konzentration, die Salben zur äußerlichen Anwendung bestimmt. Die Produkte ersetzen keine tierärztliche Behandlung.",Euphoria CBD für Katzen und Pfotenpflege kaufen | Hanfjack,Euphoria: CBD-Öl für Katzen als Ergänzungsfuttermittel und Salbe für Pfoten und Krallen. Bei Hanfjack bestellen.,Euphoria
7666,Exotic Seed,exotic-seed,19,"Exotic Seed ist eine spanische Samenbank mit überschaubarem, eigenständigem Programm.

Die Sorten tragen Namen wie Malasaña Cookies, Tangerine Band und Malawi White Truffle. Einige Linien sind auf besonders kurze Blüte gezüchtet – Quick Black Lemon etwa kommt mit 49 Tagen aus.",Exotic Seed Hanfsamen kaufen | Hanfjack,Exotic Seed: spanische Linien wie Malasaña Cookies und Quick Black Lemon mit 49 Tagen Blüte. Bei Hanfjack bestellen.,Exotic Seed
1273,Fast Buds,fast-buds,71,"Fast Buds ist eine Samenbank mit Schwerpunkt auf selbstblühenden Sorten und einer der bekanntesten Namen in diesem Bereich.

Das Programm deckt den gesamten Autoflower-Bereich ab, von kurzen Zyklen um 60 Tage bis zu ertragsstarken Linien, dazu CBD-Sorten in den Verhältnissen 1:1 und 20:1. Einige Sorten gibt es zusätzlich als FF-Version, also photoperiodisch mit verkürzter Blüte.",Fast Buds Hanfsamen kaufen | Hanfjack,"Fast Buds: selbstblühende Sorten mit kurzen Zyklen, dazu CBD-Linien in 1:1 und 20:1. Jetzt bei Hanfjack bestellen.",Fast Buds
16469,Ferna,ferna,3,"Ferna liefert Growzelte und Zimmergewächshäuser.

Die Growtent-Pro-Reihe gibt es in den gängigen Formaten von 80 × 80 bis 100 × 100 cm. Dazu kommen Zimmergewächshäuser für die Anzucht auf der Fensterbank.",Ferna Growzelte und Zimmergewächshäuser kaufen | Hanfjack,Ferna: Growtent Pro in 80 × 80 und 100 × 100 cm sowie Zimmergewächshäuser für die Anzucht. Bei Hanfjack.,Ferna
14144,French Connection,french-connection,0,"French Connection benennt sein Programm überwiegend nach Kaffee- und Dessertnoten.

Geführt werden Diesel Latte, Cherrycello, Glowberry, Grape Frappé, Macha Latte, Mochaccino Cream, Murder Pie und Frappucino. Weitergehende Herstellerangaben liegen uns zu dieser Marke nicht in belegbarer Form vor.",French Connection Hanfsamen kaufen | Hanfjack,"French Connection: Sorten wie Diesel Latte, Cherrycello, Grape Frappé und Mochaccino Cream. Bei Hanfjack.",French Connection
2004,G-Rollz,g-rollz,38,"G-Rollz ist eine Schweizer Marke für Papers und Zubehör und arbeitet mit lizenzierten Motiven – von Banksy über Cheech &amp; Chong bis Hello Kitty.

Das Sortiment reicht von vorgerollten King-Size-Papers über Rolling Trays in zwei Größen bis zu Aufbewahrungsboxen und Geschenksets. Die Papers gibt es ungebleicht, aus organischem Hanfpapier und in eingefärbten Ausführungen.","G-Rollz Papers, Trays und Boxen kaufen | Hanfjack","G-Rollz: vorgerollte Papers, Rolling Trays und Boxen mit Banksy-, Cheech-&-Chong- und Hello-Kitty-Motiven. Bei Hanfjack.",G-Rollz
7667,G13 Labs,g13-labs,1,"G13 Labs ist eine Samenbank, deren Name auf die G13-Genetik verweist.

Im Shop steht Purple Haze als Fünferpackung – eine der ältesten Haze-Linien überhaupt.",G13 Labs Purple Haze kaufen | Hanfjack,"G13 Labs: Purple Haze als 5er-Packung, eine der ältesten Haze-Linien überhaupt. Jetzt bei Hanfjack bestellen.",G13 Labs
1296,Garden Highpro,garden-highpro,7,"Garden Highpro liefert Zubehör für den täglichen Betrieb im Zelt.

Dazu gehören PROPOT-Stofftöpfe mit Griffen, PROCUT-Erntescheren in mehreren Ausführungen, Pumpsprühflaschen und HYGROTHERMO-Messgeräte für Temperatur und Luftfeuchte.","Garden Highpro Stofftöpfe, Scheren und Messgeräte kaufen | Hanfjack","Garden Highpro: PROPOT-Stofftöpfe, PROCUT-Erntescheren, Sprühflaschen und Hygrometer. Jetzt bei Hanfjack bestellen.",Garden Highpro
8698,GIB,gib,4,"GIB liefert Kleinteile für den Anbau – Messbecher und Hilfsmittel für die Pflanzenführung.

Die Messbecher gibt es von 500 bis 2000 ml für das Ansetzen der Nährlösung. Plant Bends sind Klammern, mit denen sich Triebe waagerecht abspreizen lassen, ohne sie zu knicken.",GIB Messbecher und Plant Bends kaufen | Hanfjack,GIB: Messbecher von 500 bis 2000 ml und Plant Bends zum Abspreizen von Trieben. Jetzt bei Hanfjack bestellen.,GIB
16523,GIB Industries,gib-industries,3,"GIB Industries liefert Technik für die Verarbeitung – Pressen, Pressformen und Siebmaschinen.

Im Sortiment stehen ein verstärkter Pressrahmen mit Form, eine 10-Tonnen-Presse als Komplettaufbau sowie der Polm Shaker für die trockene Siebung.",GIB Industries Pressen und Siebtechnik kaufen | Hanfjack,"GIB Industries: Pressrahmen mit Form, 10-Tonnen-Presse und Polm Shaker zur Trockensiebung. Bei Hanfjack.",GIB Industries
130,Gizeh,gizeh,3,"Gizeh ist ein deutscher Papierhersteller aus Gummersbach und seit über hundert Jahren am Markt.

Im Shop stehen King-Size-Slim-Papers in extra feiner Ausführung mit 14 g/m², Filtertips aus Karton mit vorperforierter Faltkante sowie Aktivfilter mit Kokoskohle im 6-mm-Format.","Gizeh Papers, Tips und Aktivfilter kaufen | Hanfjack","Gizeh aus Gummersbach: extra feine King-Size-Slim-Papers, Kartontips und 6-mm-Aktivfilter. Bei Hanfjack.",Gizeh
13870,GMLS Breeder Cut Way2Heady,gmls-breeder-cut-way2heady,1,"GMLS Breeder Cut Way2Heady steht für Samen aus einer US-Schnittlinie.

Im Shop steht Super Buff Cherry. Ausführliche Züchterangaben liegen zu dieser Linie nicht in belegbarer Form vor.",GMLS Breeder Cut Super Buff Cherry kaufen | Hanfjack,GMLS Breeder Cut Way2Heady: Super Buff Cherry aus einer US-Schnittlinie. Jetzt bei Hanfjack bestellen.,GMLS Breeder Cut
15483,Goody Glass,goody-glass,31,"Goody Glass ist eine US-Marke für mundgeblasenes Glas mit ausgefallenen Formen.

Im Sortiment stehen Handpfeifen, kleine Dab-Rigs als mehrteilige Sets und Zubehör. Die Stücke sind Einzelanfertigungen aus Borosilikatglas, weshalb Farbverlauf und Details von Exemplar zu Exemplar leicht abweichen.",Goody Glass Pipes und Dab-Rigs kaufen | Hanfjack,Goody Glass: mundgeblasene Handpfeifen und Dab-Rig-Sets aus Borosilikatglas. Jetzt bei Hanfjack bestellen.,Goody Glass
14468,Grand Daddy Genetics,grand-daddy-genetics,16,"Grand Daddy Genetics ist eine US-Samenbank, deren Linien um die Purple-Genetik herum aufgebaut sind.

Im Sortiment stehen Sorten wie Purple Valley OG, Purple Dream und Ken's Kush, überwiegend als reguläre Samen und damit für eigene Zuchtarbeit geeignet.",Grand Daddy Genetics Hanfsamen kaufen | Hanfjack,"Grand Daddy Genetics: Purple-Linien wie Purple Valley OG und Ken's Kush, meist regulär. Jetzt bei Hanfjack.",Grand Daddy Genetics
8033,Granny´s Weed,grannys-weed,9,"Granny´s Weed stellt Aktivkohlefilter in mehreren Durchmessern her.

Neben den reinen Aktivkohlefiltern gibt es Hybrid-Ausführungen, die Aktivkohle mit einem Cellulose-Abschnitt kombinieren. Die Filter kommen in Slim mit 6 mm und 7 mm; dazu führt die Marke Aufbewahrungsdosen im Milchkannen-Design.",Granny´s Weed Aktivkohlefilter kaufen | Hanfjack,"Granny´s Weed: Aktivkohlefilter in 6 und 7 mm, auch als Hybrid mit Celluloseteil. Jetzt bei Hanfjack bestellen.",Granny´s Weed
3958,Graveda,graveda,35,"Graveda ist ein deutscher Hersteller von Geräten für die lösungsmittelfreie Extraktion.

Kernstück sind die Graspresso-Rosinpressen, die es von 600 kg Presskraft bis 20 Tonnen gibt – als Hebelpresse, hydraulisch, pneumatisch und mit elektrischem Zylinder. Dazu kommt das Zubehör: Rosin Bags in Maschenweiten von 5 bis 220 Mikron, Pergamentpapier, Kühlplatte, Pre-Press und Waschmaschinen für die Eiswasser-Extraktion.",Graveda Rosinpressen und Extraktionszubehör kaufen | Hanfjack,"Graveda: Graspresso-Rosinpressen von 600 kg bis 20 t, Rosin Bags, Pergamentpapier und Zubehör. Jetzt bei Hanfjack.",Graveda
13852,Green Bodhi Cut,green-bodhi-cut,1,"Green Bodhi Cut steht für Samen aus der Schnittlinie des US-Züchters Green Bodhi.

Im Shop steht Skywalker Kush 78. Der Züchter arbeitet mit organischem Anbau und eigenen Selektionen.",Green Bodhi Cut Skywalker Kush kaufen | Hanfjack,Green Bodhi Cut: Skywalker Kush 78 aus der Schnittlinie des US-Züchters Green Bodhi. Bei Hanfjack bestellen.,Green Bodhi Cut
16200,Green House Powder Feeding,green-house-powder-feeding,6,"Green House Powder Feeding ist eine Düngerlinie in Pulverform statt als Flüssigkeit.

Pulverdünger werden erst im Gießwasser gelöst, was Gewicht und Lagerraum spart und die Haltbarkeit verlängert. Es gibt Linien je Substrat sowie eine Bio-Reihe, dazu CalMag als Ergänzung in Gebinden von 50 g bis 1 kg.",Green House Powder Feeding Dünger kaufen | Hanfjack,"Green House Powder Feeding: Pulverdünger je Substrat, Bio-Reihe und CalMag von 50 g bis 1 kg. Bei Hanfjack.",Green House Powder Feeding
2174,Green House Seed Co.,green-house-seed-co,32,"Green House Seed Co. ist eine der bekanntesten Samenbanken Amsterdams und hat mit Super Silver Haze und White Widow Sorten hervorgebracht, die bis heute Referenz sind.

Neben diesen Klassikern steht ein wachsendes Programm selbstblühender Sorten, darunter Frosted Guava Auto und King's Kush Auto. Der Züchter gibt zu seinen Sorten THC-Werte auf zwei Nachkommastellen an.",Green House Seed Co. Hanfsamen kaufen | Hanfjack,Green House Seed Co.: Amsterdamer Klassiker wie Super Silver Haze plus neue Autoflower. Jetzt bei Hanfjack bestellen.,Green House Seed Co.
16330,Green Node,green-node,1,"Green Node führt ein Living-Soil-Substrat.

Living Soil ist vorab mit Bodenleben angereichert – Mikroorganismen erschließen die Nährstoffe, statt dass sie als Salz gelöst zugeführt werden. Im Shop steht die 3-kg-Packung.",Green Node Living Soil kaufen | Hanfjack,"Green Node: Living Soil mit angereichertem Bodenleben, in der 3-kg-Packung. Jetzt bei Hanfjack bestellen.",Green Node
16332,Green Planet,green-planet,13,"Green Planet ist ein kanadischer Düngerhersteller und im Shop mit Zusätzen für die Blütephase vertreten.

Rezin zielt auf die Harzbildung, Karbo Boost liefert Kohlenhydrate für das Bodenleben. Beide gibt es in mehreren Gebindegrößen bis hin zu Gebinden für den gewerblichen Einsatz.",Green Planet Rezin und Karbo Boost kaufen | Hanfjack,Green Planet: Rezin für die Harzbildung und Karbo Boost als Kohlenhydratquelle. Jetzt bei Hanfjack bestellen.,Green Planet
16441,Grodan,grodan,4,"Grodan ist ein niederländischer Hersteller von Steinwolle für die Anzucht und den Anbau.

Steinwolle hält Wasser und Luft zugleich und ist inert, das heißt sie bringt selbst keine Nährstoffe mit – die Nährstoffgabe lässt sich dadurch vollständig steuern. Im Sortiment stehen Würfel für Stecklinge und größere Blöcke mit vorbereiteter Öffnung.",Grodan Steinwolle für Anzucht und Anbau kaufen | Hanfjack,"Grodan: Steinwollwürfel für Stecklinge und Blöcke mit 4-cm-Loch, inert und wasserhaltend. Bei Hanfjack.",Grodan
6577,Grounded Genetics,grounded-genetics,0,"Grounded Genetics ist eine Samenbank, die ihre Sorten in Siebenerpacks abgibt.

Im Programm stehen Easy Money, Blue Fumez und Apple Drops, jeweils als 7er-Packung. Weitergehende Herstellerangaben liegen uns zu dieser Marke nicht in belegbarer Form vor.",Grounded Genetics Hanfsamen kaufen | Hanfjack,"Grounded Genetics: Easy Money, Blue Fumez und Apple Drops als 7er-Packungen Hanfsamen. Bei Hanfjack.",Grounded Genetics
3959,Grove Bags,grove-bags,9,"Grove Bags sind Aufbewahrungsbeutel mit einer mehrschichtigen Folie, die Feuchtigkeit reguliert, ohne dass ein Feuchtigkeitspack nötig ist.

Die TerpLoc-Folie lässt Wasserdampf gezielt entweichen und hält den Inhalt laut Hersteller bei 58 bis 62 % relativer Feuchte. Die Beutel gibt es von 3,5 g bis 500 g, teils mit Sichtfenster, dazu eine Vakuum-Variante.",Grove Bags TerpLoc Aufbewahrungsbeutel kaufen | Hanfjack,"Grove Bags: TerpLoc-Beutel halten 58–62 % Feuchte ohne Pack, von 3,5 g bis 500 g. Jetzt bei Hanfjack bestellen.",Grove Bags
16472,Growers Glück,growers-glueck,3,"Growers Glück liefert Zubehör für die Belüftung von Zelten.

Lichtfallen sind Zuluftöffnungen mit umgelenktem Kanal: Luft kommt hinein, Licht nicht heraus. Es gibt sie in 125 und 250 mm; der Space Booster ergänzt das um zusätzliche Luftführung.",Growers Glück Lichtfallen und Zeltzubehör kaufen | Hanfjack,"Growers Glück: Lichtfallen in 125 und 250 mm für lichtdichte Zuluft, dazu Space Booster. Bei Hanfjack.",Growers Glück
16334,GrowsArtig,growsartig,9,"GrowsArtig ist eine Düngermarke mit Pflanzenhilfsmitteln für einzelne Anbauphasen.

Betta Roots ist als Wurzelstimulator ausgelegt, Alfa Boost als Zusatz für die weitere Entwicklung. Die Mittel gibt es von 250 ml bis 5 Liter.",GrowsArtig Betta Roots und Alfa Boost kaufen | Hanfjack,"GrowsArtig: Betta Roots als Wurzelstimulator und Alfa Boost, von 250 ml bis 5 Liter. Jetzt bei Hanfjack bestellen.",GrowsArtig
12716,Growth Technology,growth-technology,2,"Growth Technology ist ein britischer Hersteller und im Shop mit Clonex Mist vertreten.

Das Mittel wird auf frisch gesetzte Stecklinge gesprüht und versorgt sie über das Blatt, solange sie noch keine Wurzeln haben. Es gibt es in 300 und 750 ml.",Growth Technology Clonex Mist kaufen | Hanfjack,"Growth Technology: Clonex Mist zum Besprühen frischer Stecklinge, in 300 und 750 ml. Jetzt bei Hanfjack.",Growth Technology
659,Hanfjack,hanfjack,58,"Hanfjack ist die Eigenmarke des Shops und fasst zusammen, was nicht von einem der geführten Hersteller kommt.

Dazu gehören eigene Samen unter dem Namen Hanfjack Seeds, Stecklinge, Mystery Boxen mit wechselndem Inhalt sowie praktisches Zubehör wie Bindedraht und Kleinteile für den Anbau.","Hanfjack Eigenmarke – Samen, Stecklinge, Zubehör | Hanfjack","Hanfjack Eigenmarke: eigene Samen, Stecklinge, Mystery Boxen und Zubehör für den Anbau. Jetzt im Shop bestellen.",Hanfjack
13974,HASHY,hashy,1,"HASHY führt einen Grinder, der auf Extrakte ausgelegt ist.

Konzentrate lassen sich in einem üblichen Kräutergrinder schlecht zerkleinern, weil sie verkleben. Dieses Gerät ist für die Konsistenz von Extrakten gebaut.",HASHY Grinder für Extrakte kaufen | Hanfjack,"HASHY: Grinder, der speziell für die Konsistenz von Extrakten und Konzentraten gebaut ist. Bei Hanfjack.",HASHY
16462,Heisenberg,heisenberg,4,"Heisenberg baut Pollenmaschinen für die trockene Trennung von Harzdrüsen und Pflanzenmaterial.

Die Trommel rotiert und siebt das Material durch ein Gewebe. Die Maschenweite bestimmt die Reinheit: 100 mesh trennt grob, 150 mesh ist der Standard, 200 mesh liefert das feinste Ergebnis. Ersatztrommeln gibt es in allen drei Weiten.",Heisenberg Pollenmaschine und Trommeln kaufen | Hanfjack,"Heisenberg: Pollenmaschine für die Trockensiebung mit Ersatztrommeln in 100, 150 und 200 mesh. Bei Hanfjack.",Heisenberg
12989,Hemnia,hemnia,1,"Hemnia führt CBD in Lachsöl für Tiere.

Lachsöl dient als Trägeröl und bringt zugleich Omega-3-Fettsäuren mit. Das Produkt ist ein Ergänzungsfuttermittel und ersetzt keine tierärztliche Behandlung.",Hemnia CBD in Lachsöl für Tiere kaufen | Hanfjack,"Hemnia: CBD in Lachsöl als Ergänzungsfuttermittel für Tiere, mit Omega-3-Fettsäuren. Bei Hanfjack bestellen.",Hemnia
8426,HempCrew,hempcrew,13,"HempCrew ist ein deutscher Anbieter von CBD-Ölen in mehreren Konzentrationen und Geschmacksrichtungen.

Neben der neutralen Ausführung gibt es aromatisierte Varianten wie Zitrone-Ingwer, Pink Grapefruit und Orange-Melisse. Die Öle werden als Aromaprodukte gehandelt und sind nicht zum Verzehr bestimmt; Angaben zu einer gesundheitlichen Wirkung sind nicht zulässig.",HempCrew CBD Öl kaufen | Hanfjack,"HempCrew: CBD-Öle in 5, 10 und 30 % – neutral oder aromatisiert, als Aromaprodukt. Jetzt bei Hanfjack bestellen.",HempCrew
14870,HEMPER,hemper,328,"HEMPER ist eine US-amerikanische Zubehörmarke und beliefert den Shop mit dem breitesten Sortiment im Headshop-Bereich: Grinder, Rolling Trays, Bongs und Aufsätze, Reinigungszubehör und Vaporizer-Zubehör.

Wiederkehrende Merkmale sind Mehrkammer-Grinder mit integriertem Vorratsbehälter, Steckköpfe in den Normmaßen 14 und 18 mm sowie Trays in mehreren Größen. Zum Programm gehören auch Reinigungssets aus Stopfen und Kappen, mit denen sich Glas im geschlossenen Zustand ausspülen lässt.","HEMPER Grinder, Trays und Zubehör kaufen | Hanfjack","HEMPER: Grinder mit Vorratsbehälter, Rolling Trays, Steckköpfe und Reinigungszubehör. Jetzt bei Hanfjack bestellen.",HEMPER
5190,Herb Shuttles,herb-shuttles,7,"Herb Shuttles stellt Glas-Tips und kleine Glasartikel her.

Die Tips haben 10 mm Durchmesser und eine innen liegende Spirale, die den Zug verwirbelt. Es gibt sie klar und in mehreren Farben; Glas lässt sich im Gegensatz zu Karton auswaschen und wiederverwenden.",Herb Shuttles Glas-Tips kaufen | Hanfjack,"Herb Shuttles: Glas-Tips mit 10 mm und innen liegender Spirale, klar und farbig. Jetzt bei Hanfjack bestellen.",Herb Shuttles
4964,Hesi,hesi,58,"Hesi ist ein deutscher Düngerhersteller aus Nordrhein-Westfalen und setzt auf Rezepturen mit vergleichsweise niedrigem Salzgehalt.

Die Linien sind nach dem Substrat benannt – Erde, Kokos, Hydro – und werden durch Zusätze ergänzt: Wurzel Complex für die Bewurzelung, PowerZyme für den Substratabbau, Boost für die Blüte. Für Einsteiger gibt es abgestimmte Pakete statt Einzelflaschen.","Hesi Dünger für Erde, Kokos und Hydro kaufen | Hanfjack","Hesi: Düngerlinien für Erde, Kokos und Hydro mit Wurzel Complex, PowerZyme und Boost. Jetzt bei Hanfjack bestellen.",Hesi
11570,High Society,high-society,1,"High Society führt Aktivkohlefilter mit Stahlhülse.

Die Hülse mit 20 mm ist im Gegensatz zu Papier- oder Cellulosehüllen wiederverwendbar. Im Shop steht das Fünferset.",High Society Stahlfilter 20mm kaufen | Hanfjack,"High Society: wiederverwendbare Aktivkohlefilter mit Stahlhülse, 20 mm, im 5er-Set. Jetzt bei Hanfjack.",High Society
11539,High4Life,high4life,7,"High4Life ist eine Samenbank, die unter anderem mit triploiden Linien arbeitet.

Triploide Pflanzen tragen einen dreifachen Chromosomensatz und bilden dadurch kaum Samen aus. Daneben führt die Marke reguläre feminisierte Sorten und Fast-Flowering-Linien mit verkürzter Blüte.",High4Life Hanfsamen kaufen | Hanfjack,"High4Life: triploide F1-Linien, feminisierte Sorten und Fast-Flowering-Varianten. Jetzt bei Hanfjack bestellen.",High4Life
594,Hizen,hizen,2,"Hizen ist ein deutscher Hersteller tragbarer Vaporizer.

Der Stilus arbeitet mit Ein-Knopf-Bedienung und sechs Temperaturstufen, der Stilus Pro Konvektion 3.0 erhitzt stattdessen per durchströmender Heißluft. Beide Geräte sind modular aufgebaut, sodass sich Zubehör einzeln tauschen lässt.",Hizen Stilus Vaporizer kaufen | Hanfjack,"Hizen: Stilus mit sechs Temperaturstufen und Stilus Pro mit Konvektion, made in Germany. Bei Hanfjack.",Hizen
15547,Holy Hemp,holy-hemp,6,"Holy Hemp bietet CBD-Blüten in 2-Gramm-Packungen mit Sortenbezeichnungen wie Super Lemon Haze, OG Kush und Gelato an.

Die Blüten werden in Deutschland als Aromaprodukt gehandelt und sind nicht zum Verzehr bestimmt. Angaben zu einer gesundheitlichen Wirkung sind nicht zulässig und werden hier bewusst nicht gemacht.",Holy Hemp CBD-Blüten kaufen | Hanfjack,"Holy Hemp: CBD-Blüten in 2-g-Packungen als Aromaprodukt, in mehreren Sorten. Jetzt bei Hanfjack bestellen.",Holy Hemp
1387,HOMEbox,homebox,21,"HOMEbox ist ein deutscher Hersteller von Growboxen und einer der ältesten Anbieter in diesem Bereich.

Die Ambient-Serie bildet das Standardprogramm. Die Bezeichnung verrät die Form: Q steht für quadratisch, R für rechteckig, ein Pluszeichen für die höhere Ausführung derselben Grundfläche. Dazu kommt Zubehör wie Fixture Poles, mit denen sich Geräte im Zelt aufhängen lassen.",HOMEbox Growboxen und Zubehör kaufen | Hanfjack,"HOMEbox: Ambient-Growboxen in Q- und R-Formaten von 60 bis 300 cm, dazu Fixture Poles. Jetzt bei Hanfjack bestellen.",HOMEbox
16336,House &amp; Garden,house-garden,4,"House &amp; Garden ist ein niederländischer Düngerhersteller mit Rezepturen für den ertragsorientierten Anbau.

Root Excelurator zielt auf das Wurzelwerk, Bud XL auf die Blütenentwicklung. Beide Mittel sind hoch konzentriert und werden entsprechend sparsam dosiert; die Gebinde reichen bis 20 Liter.",House & Garden Root Excelurator und Bud XL kaufen | Hanfjack,House & Garden: Root Excelurator für das Wurzelwerk und Bud XL für die Blüte. Jetzt bei Hanfjack bestellen.,House & Garden
12712,Hubey,hubey,2,"Hubey stellt ein Bewurzelungsgel auf biologischer Basis her.

Das Gel wird auf die Schnittstelle des Stecklings aufgetragen; es versiegelt sie und bleibt dort haften, statt abzulaufen. Es gibt es in 30 und 70 ml.",Hubey Bio Rooting Gel kaufen | Hanfjack,"Hubey: Bio Rooting Gel für Stecklinge, versiegelt die Schnittstelle, in 30 und 70 ml. Jetzt bei Hanfjack.",Hubey
2181,Humboldt Seed Company,humboldt-seed-company,16,"Humboldt Seed Company stammt aus Humboldt County in Kalifornien, dem historischen Zentrum des US-Anbaus.

Die Marke wählt ihre Sorten über groß angelegte Phänotypenwettbewerbe aus – Hella Jelly ging 2019 als Siegerin daraus hervor. Zu den bekanntesten Linien gehören außerdem Blueberry Muffin, Vanilla Frosting und Orange Creampop. Neben photoperiodischen Sorten gibt es eine wachsende Autoflower-Reihe.",Humboldt Seed Company Hanfsamen kaufen | Hanfjack,"Humboldt Seed Co. aus Kalifornien: Hella Jelly, Blueberry Muffin und Orange Creampop. Jetzt bei Hanfjack bestellen.",Humboldt Seed Company
16338,Humintech,humintech,1,"Humintech ist ein deutscher Hersteller von Huminstoffprodukten für den Pflanzenbau.

Huminstoffe verbessern die Struktur des Substrats und die Verfügbarkeit von Nährstoffen. Im Shop steht BioHealth WSG als wasserlösliches Granulat in der 1-kg-Packung.",Humintech BioHealth Huminstoffe kaufen | Hanfjack,"Humintech: BioHealth WSG als wasserlösliches Huminstoff-Granulat, 1 kg, aus Deutschland. Bei Hanfjack.",Humintech
2169,HY-PRO,hy-pro,0,"HY-PRO ist ein niederländischer Hersteller von Düngern und Zusätzen.

Geführt werden Cal-Mag als Calcium-Magnesium-Ergänzung, der Rootstimulator Terra für die Bewurzelung, Epic Bloom Terra für die Blüte sowie Generator und Spraymix. Die Gebinde liegen bei 100 und 250 ml.",HY-PRO Dünger und Zusätze kaufen | Hanfjack,"HY-PRO: Cal-Mag, Rootstimulator Terra, Epic Bloom Terra, Generator und Spraymix in 100 und 250 ml. Bei Hanfjack.",HY-PRO
16340,Hy-Pro Fertilizers,hy-pro-fertilizers,1,"Hy-Pro Fertilizers ist ein niederländischer Hersteller von Düngern und Substraten.

Im Shop steht Hy-Pro Terra als 20-Liter-Erde. Die Marke führt daneben Flüssigdünger je Substrat.",Hy-Pro Terra Erde kaufen | Hanfjack,Hy-Pro Fertilizers: Terra-Erde im 20-Liter-Sack aus dem niederländischen Programm. Jetzt bei Hanfjack.,Hy-Pro
4704,Hybrid Supreme Filters,hybrid-supreme-filters,4,"Hybrid Supreme Filters stellt Aktivkohlefilter im 6-mm-Format her.

Die Hybrid-Bauweise kombiniert einen Aktivkohleteil mit einem Cellulose-Abschnitt. Die Filter gibt es in Gebinden von 33 bis 1000 Stück.",Hybrid Supreme Aktivkohlefilter kaufen | Hanfjack,"Hybrid Supreme: Aktivkohlefilter im 6-mm-Format in Hybrid-Bauweise, von 33 bis 1000 Stück. Bei Hanfjack.",Hybrid Supreme
16468,Hydro Garden,hydro-garden,0,"Hydro Garden führt Werkzeug für die Arbeit an der Pflanze.

Aus dem Programm stammt eine Präzisionsschere mit geraden Klingen für den zügigen Schnitt. Weitergehende Herstellerangaben liegen uns zu dieser Marke nicht in belegbarer Form vor.",Hydro Garden Präzisionsschere kaufen | Hanfjack,Hydro Garden: Präzisionsschere mit geraden Klingen für den Schnitt an der Pflanze. Jetzt bei Hanfjack bestellen.,Hydro Garden
16342,Hydroponic Research,hydroponic-research,5,"Hydroponic Research ist ein US-Hersteller von Düngern und Zusätzen für Systeme ohne Substrat.

VBX Clean ist als Systemreiniger gegen Ablagerungen in Leitungen und Tropfern ausgelegt, Shine als Blütezusatz. Die Trockenprodukte gibt es in Gebinden bis 11,34 kg.",Hydroponic Research VBX Clean und Zusätze kaufen | Hanfjack,Hydroponic Research: VBX Clean als Systemreiniger und Shine als Blütezusatz. Jetzt bei Hanfjack bestellen.,Hydroponic Research
4221,Integra Boost,integra-boost,11,"Integra Boost stellt Feuchtigkeitsregler her, die die Luftfeuchte in einem geschlossenen Behälter in beide Richtungen ausgleichen.

Die Packs gibt es für 55 % und 62 % relative Feuchte und in Größen von 4 bis 67 Gramm, passend zur Behältergröße. Ein Indikator zeigt an, wann ein Pack aufgebraucht ist. Die Terpene-Essentials-Reihe kombiniert die Feuchteregelung zusätzlich mit einem Terpen-Isolat.",Integra Boost Feuchtigkeitsregler kaufen | Hanfjack,"Integra Boost: 2-Wege-Feuchtigkeitsregler mit 55 % und 62 %, von 4 bis 67 g, mit Wechselanzeige. Bei Hanfjack.",Integra Boost
16525,Jack Puck,jack-puck,1,"Jack Puck steht für Pressformen, mit denen sich gesiebtes Material zu einem festen Puck pressen lässt.

Im Shop steht die viereckige 8-Tonnen-Pressform. Sie wird in eine passende Presse eingesetzt; die Presskraft bringt das Gerät auf, nicht die Form. Weitergehende Herstellerangaben liegen uns zu dieser Marke nicht in belegbarer Form vor.",Jack Puck Pressform 8 Tonnen kaufen | Hanfjack,"Jack Puck: viereckige 8-Tonnen-Pressform für gesiebtes Material, zum Einsetzen in eine Presse. Bei Hanfjack.",Jack Puck
14505,James Loud Genetics,james-loud-genetics,26,"James Loud Genetics ist eine US-Samenbank mit Linien aus dem Diesel- und Zitrus-Umfeld.

Das Programm umfasst feminisierte Sorten wie Zour Diesel, Petrol Pop und Triangle Lemon Cherry, dazu einzelne selbstblühende und reguläre Linien. Kürzel wie F4 IBL weisen auf mehrfach ingezüchtete, entsprechend einheitliche Linien hin.",James Loud Genetics Hanfsamen kaufen | Hanfjack,"James Loud Genetics: feminisierte Diesel- und Zitruslinien, dazu Auto- und Regular-Sorten. Jetzt bei Hanfjack.",James Loud Genetics
12726,Jiffy,jiffy,2,"Jiffy ist ein norwegischer Hersteller von Anzuchtmedien und seit Jahrzehnten Standard in Gärtnereien.

Die Quelltöpfe sind gepresste Torfscheiben in einem Netz, die sich mit Wasser auf Topfgröße ausdehnen. Quick Soil Mix kommt als Tab, der im Wasser zu fertiger Anzuchterde aufquillt.",Jiffy Quelltöpfe und Anzuchtmedien kaufen | Hanfjack,"Jiffy: Quelltöpfe mit 41 mm und Quick Soil Mix Tabs, die im Wasser zu Anzuchterde aufquellen. Bei Hanfjack.",Jiffy
1783,Juicy Jay´s,juicy-jays,6,"Juicy Jay´s ist eine Papermarke, die konsequent auf Aromatisierung setzt.

Das Papier wird im sogenannten Triple-Dip-Verfahren dreifach aromatisiert, sodass der Geschmack bis zum Ende trägt. Neben King-Size-Slim-Papers führt die Marke Hemp Wraps aus Hanffasern, die tabak- und nikotinfrei sind.",Juicy Jay´s Papers und Hemp Wraps kaufen | Hanfjack,Juicy Jay´s: aromatisierte Papers im Triple-Dip-Verfahren und tabakfreie Hemp Wraps. Jetzt bei Hanfjack bestellen.,Juicy Jay´s
601,Jumi,jumi,0,"Jumi steht für Keramikwaren mit gemusterten Oberflächen.

Geführt werden Schneidebretter aus Keramik, teils mit Bambus kombiniert, sowie Aschenbecher mit Fliesenglas-, Arabesken- und Streifenmuster. Die Motive wechseln je nach Stück. Weitergehende Herstellerangaben liegen uns zu dieser Marke nicht in belegbarer Form vor.",Jumi Keramik Aschenbecher und Bretter | Hanfjack,"Jumi: Aschenbecher und Schneidebretter aus Keramik mit Fliesen-, Arabesken- und Streifenmuster. Bei Hanfjack.",Jumi
13840,Jungle Boys Cut,jungle-boys-cut,2,"Jungle Boys Cut steht für Samen aus Schnittlinien der kalifornischen Jungle Boys.

Im Shop stehen einzelne Linien wie Dantes Inferno #8 und Animal Tsunami. Ausführliche Züchterdatenblätter liegen zu diesen Sorten nicht vor.",Jungle Boys Cut Hanfsamen kaufen | Hanfjack,Jungle Boys Cut: Samen aus kalifornischen Schnittlinien wie Dantes Inferno und Animal Tsunami. Bei Hanfjack.,Jungle Boys Cut
8643,Kailar,kailar,12,"Kailar stellt Aktivkohlefilter im 6-mm-Format mit Hülle aus Cellulose her.

Die Filter gibt es in mehreren Farben und als gemischte Packung. Die Cellulosehülle ist die Alternative zur üblichen Papierhülle.",Kailar Aktivkohlefilter 6 mm kaufen | Hanfjack,"Kailar: Aktivkohlefilter im 6-mm-Slim-Format mit Cellulosehülle, in mehreren Farben. Jetzt bei Hanfjack bestellen.",Kailar
7626,King Palm,king-palm,8,"King Palm verwendet als Hülle keine Papers, sondern das Blatt der Cordia-Pflanze, von Hand gerollt und getrocknet.

Die Rolls kommen vorgedreht und mit einem Bambus-Poker zum Verdichten. In den Filter ist eine Aromakapsel eingesetzt, die sich per Druck öffnen lässt. Die Hüllen sind tabak- und kleberfrei.",King Palm Blunts und Rolls kaufen | Hanfjack,"King Palm: vorgedrehte Rolls aus Cordia-Blatt mit Aromakapsel, tabak- und kleberfrei. Jetzt bei Hanfjack bestellen.",King Palm
5196,Knistermann,knistermann,0,"Knistermann steht für Glaswaren zum Rauchen.

Aus dem Programm stammt die Glasbong Flying Dutchman mit 22 cm Höhe und 65 mm Durchmesser. Weitergehende Herstellerangaben liegen uns zu dieser Marke nicht in belegbarer Form vor.",Knistermann Glasbong Flying Dutchman | Hanfjack,Knistermann: Glasbong Flying Dutchman mit 22 cm Höhe und 65 mm Durchmesser. Jetzt bei Hanfjack bestellen.,Knistermann
13844,LIT Farms,lit-farms,1,"LIT Farms ist eine US-Samenbank; im Shop steht Ice Creme Runtz.

Die Linie stammt aus dem Runtz-Umfeld. Ausführliche Züchterangaben liegen dazu nicht in belegbarer Form vor.",LIT Farms Ice Creme Runtz kaufen | Hanfjack,"LIT Farms: Ice Creme Runtz, eine Linie aus dem Runtz-Umfeld der kalifornischen US-Samenbank. Jetzt bei Hanfjack bestellen.",LIT Farms
7668,Lovin´ In Her Eyes,lovin-in-her-eyes,16,"Lovin' In Her Eyes ist eine US-Samenbank mit feminisierten Linien und Sortennamen aus Musikbezügen.

Das Programm umfasst Kreuzungen wie Strawberry Cadillac, Moonage Daydream und Purple Magnolia. S1 im Namen weist auf eine Selbstung hin, also Nachkommen aus einer einzigen Mutterpflanze.",Lovin' In Her Eyes Hanfsamen kaufen | Hanfjack,Lovin' In Her Eyes: feminisierte US-Linien wie Strawberry Cadillac und Moonage Daydream. Bei Hanfjack bestellen.,Lovin' In Her Eyes
13839,Lumpy´s Flowers,lumpys-flowers,1,"Lumpy´s Flowers ist eine US-Samenbank und der Ursprung der Apple-Fritter-Linie.

Im Shop steht Apple Fritter – eine Kreuzung, die heute in zahlreichen anderen Sorten auftaucht.",Lumpy´s Flowers Apple Fritter kaufen | Hanfjack,"Lumpy´s Flowers: Apple Fritter, die Ursprungslinie der heute weit verbreiteten Sorte. Bei Hanfjack bestellen.",Lumpy´s Flowers
16526,Magical Butter,magical-butter,1,"Magical Butter baut ein Gerät, das Pflanzenmaterial in Fett oder Alkohol auszieht.

Die Maschine kombiniert Heizung, Rührwerk und Zeitsteuerung in einem Behälter, sodass der Auszug ohne Beaufsichtigung durchläuft.",Magical Butter Machine kaufen | Hanfjack,"Magical Butter: Maschine mit Heizung, Rührwerk und Zeitsteuerung für Pflanzenauszüge. Jetzt bei Hanfjack.",Magical Butter
16491,MAMA Publishing,mama-publishing,1,"MAMA Publishing ist ein Fachverlag für Anbauliteratur.

Im Shop steht der Titel Hydroponik leicht gemacht – ein Einstieg in den Anbau ohne Erde.",MAMA Publishing Hydroponik-Buch kaufen | Hanfjack,MAMA Publishing: Hydroponik leicht gemacht – ein Einstieg in den Anbau ohne Erde. Jetzt bei Hanfjack.,MAMA Publishing
13841,Master Cut,master-cut,1,"Master Cut steht für Samen aus einer Schnittlinie.

Im Shop steht Amnesia Master Cut – eine Selektion aus dem Amnesia-Umfeld.",Master Cut Amnesia kaufen | Hanfjack,"Master Cut: Amnesia Master Cut, eine Selektion aus dem bekannten Amnesia-Umfeld. Jetzt bei Hanfjack.",Master Cut
16505,Master Trimmer,master-trimmer,22,"Master Trimmer baut Erntetechnik für den gewerblichen Einsatz – Trimmmaschinen, Bucker und Gefriertrockner.

Die Geräte decken die gesamte Kette ab: MB BUCKER zum Abtrennen der Blüten, MT DRY und MX ICE zum Trimmen, LIO als Gefriertrockner für die Trocknung unter Vakuum. Die Baureihen sind nach Durchsatz gestaffelt.",Master Trimmer Erntemaschinen und Gefriertrockner kaufen | Hanfjack,"Master Trimmer: Bucker, Trimmmaschinen und LIO-Gefriertrockner für den gewerblichen Einsatz. Bei Hanfjack bestellen.",Master Trimmer
16521,maXtractor,maxtractor,6,"maXtractor liefert Zubehör für die Eiswasser-Extraktion.

Die Extraktorbeutel kommen als Sets mit gestaffelten Maschenweiten, sodass sich das Material in mehreren Durchgängen nach Korngröße trennen lässt. Dazu gibt es einzelne Extraktionssiebe aus Polyamidgewebe mit 125 und 170 Mikron.",maXtractor Extraktorbeutel und Siebe kaufen | Hanfjack,maXtractor: Extraktorbeutel-Sets für die Eiswasser-Extraktion und Siebe mit 125 und 170 µm. Bei Hanfjack.,maXtractor
597,Medina Mood,medina-mood,0,"Medina Mood steht für handgefertigte Stücke aus Olivenholz.

Geführt werden ein Servierbrett mit 25 cm, Schalen ab 8 cm Durchmesser, ein Mörser mit Stößel mit 10 cm samt kleinerer Ausführung und eine Dose mit Magnetverschluss. Die Stücke sind von Hand gefertigt.",Medina Mood Olivenholz kaufen | Hanfjack,"Medina Mood: Servierbrett, Schalen, Mörser und Dose aus handgefertigtem Olivenholz. Jetzt bei Hanfjack bestellen.",Medina Mood
5829,Meditrade,meditrade,4,"Meditrade ist ein deutscher Hersteller von Einmalhandschuhen für den medizinischen und gewerblichen Einsatz.

Im Sortiment stehen Nitril-, Latex- und Vinylhandschuhe in mehreren Größen. Beim Trimmen halten Handschuhe die Hände frei von Harz und die Blüten frei von Hautfett.",Meditrade Einmalhandschuhe kaufen | Hanfjack,"Meditrade: Einmalhandschuhe aus Nitril, Latex und Vinyl in mehreren Größen. Jetzt bei Hanfjack bestellen.",Meditrade
4569,Medusafilters,medusafilters,14,"Medusafilters stellt Aktivkohlefilter im schlanken 6-mm-Format her.

Die Filter unterscheiden sich vor allem in der Farbgebung der Hülle – Sunset, Violet, Organic und weitere –, das Innenleben aus Aktivkohle bleibt gleich. Angeboten werden sie in Beuteln und Dosen unterschiedlicher Stückzahl.",Medusafilters Aktivkohlefilter 6 mm kaufen | Hanfjack,Medusafilters: Aktivkohlefilter im 6-mm-Slim-Format in mehreren Ausführungen und Gebinden. Bei Hanfjack bestellen.,Medusafilters
14156,Mephisto Genetics,mephisto-genetics,9,"Mephisto Genetics ist eine Samenbank, die ausschließlich selbstblühende Sorten züchtet.

Die Marke gilt als eine der stilbildenden im Autoflower-Bereich; Linien wie 24 Carat und 3 Bears OG sind fester Bestandteil des Sortiments. Dazu kommen CBD-Sorten im Verhältnis 1:1.",Mephisto Genetics Autoflower Hanfsamen kaufen | Hanfjack,Mephisto Genetics: ausschließlich selbstblühende Sorten wie 24 Carat und 3 Bears OG. Jetzt bei Hanfjack bestellen.,Mephisto Genetics
16326,Microbe Life,microbe-life,1,"Microbe Life stellt Präparate mit lebenden Mikroorganismen für das Wurzelumfeld her.

Photosynthesis Plus enthält Bakterien und Algen, die im Substrat und auf dem Blatt arbeiten. Im Shop steht die Flasche mit 3785 ml.",Microbe Life Photosynthesis Plus kaufen | Hanfjack,Microbe Life: Photosynthesis Plus mit lebenden Mikroorganismen für das Wurzelumfeld. Jetzt bei Hanfjack.,Microbe Life
16274,Mills Nutrients,mills-nutrients,24,"Mills Nutrients ist ein Düngerhersteller, dessen Rezepturen auf einem hohen Anteil organischer Bestandteile beruhen.

Die Linie ist bewusst schlank gehalten: Basis A und B für alle Phasen, dazu Start-R für die Wurzelbildung, Vitalize als Pflanzenhilfsmittel und Ultimate PK für die Blüte. Die meisten Mittel gibt es von 100 ml bis 10 Liter.",Mills Nutrients Dünger kaufen | Hanfjack,"Mills Nutrients: Basis A und B, Start-R, Vitalize und Ultimate PK in Gebinden von 100 ml bis 10 L. Bei Hanfjack.",Mills Nutrients
5420,Miron Violettglas,miron-violettglas,4,"Miron Violettglas ist ein Schweizer Hersteller von Behältern aus violettem Glas.

Das Glas lässt nur einen schmalen Teil des sichtbaren Lichts durch und sperrt den übrigen Bereich aus – das schützt lichtempfindliche Inhalte. Die Behälter gibt es vom 5-ml-Kosmetikglas bis zur 1-Liter-Weithalsdose.",Miron Violettglas Dosen und Gläser kaufen | Hanfjack,"Miron Violettglas: lichtschützende Behälter aus der Schweiz, vom 5-ml-Glas bis zur 1-L-Dose. Bei Hanfjack.",Miron Violettglas
11571,Mosca Seeds,mosca-seeds,1,"Mosca Seeds ist eine US-Samenbank; im Shop steht Strawberry Guava Auto.

Die Linie ist selbstblühend. Ausführliche Züchterangaben liegen dazu nicht in belegbarer Form vor.",Mosca Seeds Strawberry Guava Auto kaufen | Hanfjack,"Mosca Seeds: Strawberry Guava Auto, eine selbstblühende Linie mit fruchtigem Profil. Jetzt bei Hanfjack bestellen.",Mosca Seeds
14162,N.Y.Ceeds,n-y-ceeds,21,"N.Y.Ceeds ist eine Samenbank mit feminisierten Linien und Sortennamen aus dem New Yorker Umfeld.

Das Programm umfasst Kreuzungen wie Borinquem, Garlito's Way und Purple Pidgeonz. Ausführliche Züchterdatenblätter zu den einzelnen Sorten liegen nicht vor.",N.Y.Ceeds Hanfsamen kaufen | Hanfjack,"N.Y.Ceeds: feminisierte Linien wie Borinquem, Garlito's Way und Purple Pidgeonz. Jetzt bei Hanfjack bestellen.",N.Y.Ceeds
16489,Nachtschatten Verlag,nachtschatten-verlag,11,"Der Nachtschatten Verlag ist ein Schweizer Fachverlag und im Shop mit Büchern zu Anbau, Botanik und Rauschkunde vertreten.

Das Programm reicht von Anbauhandbüchern für drinnen und draußen bis zu Titeln über medizinische Anwendung und Kulturgeschichte. Die Bücher sind Sachliteratur, keine Anleitung zu einem in Deutschland genehmigungspflichtigen Anbau.",Nachtschatten Verlag Bücher kaufen | Hanfjack,"Nachtschatten Verlag: Fachbücher zu Anbau, Botanik und Kulturgeschichte aus der Schweiz. Jetzt bei Hanfjack bestellen.",Nachtschatten Verlag
8579,Nero GmbH,nero-gmbh,2,"Nero GmbH ist ein deutscher Hersteller und im Shop mit der DryRocket-Reihe vertreten.

Der VPD-Trockner regelt die Trocknung über das Dampfdruckdefizit statt nur über Temperatur und Luftfeuchte einzeln – damit lässt sich die Geschwindigkeit gleichmäßig halten. RocketFuel ergänzt das Programm.",Nero DryRocket VPD-Trockner kaufen | Hanfjack,"Nero GmbH: DryRocket VPD-Trockner, der die Trocknung über das Dampfdruckdefizit regelt. Bei Hanfjack bestellen.",Nero
5832,Neudorff,neudorff,4,"Neudorff ist ein deutscher Hersteller für den naturnahen Garten und im Shop mit Pflanzenschutz und Messmitteln vertreten.

Die Gelbtafeln fangen fliegende Schädlinge wie Trauermücken ab und zeigen zugleich an, wie stark der Befall ist. Dazu kommen ein pH-Bodentest und organischer Dünger.","Neudorff Gelbtafeln, pH-Test und Dünger kaufen | Hanfjack","Neudorff: Gelbtafeln gegen Trauermücken, pH-Bodentest und organischer Growdünger. Jetzt bei Hanfjack bestellen.",Neudorff
16344,New Millenium Garden,new-millenium-garden,1,"New Millenium Garden ist ein US-Düngerhersteller.

Im Shop steht Winter Frost in der 3785-ml-Flasche – ein Zusatz für die Schlussphase der Blüte.",New Millenium Winter Frost kaufen | Hanfjack,"New Millenium Garden: Winter Frost als Zusatz für die Schlussphase der Blüte, 3785 ml. Bei Hanfjack.",New Millenium
14165,Nine Weeks Harvest,nine-weeks-harvest,30,"Nine Weeks Harvest ist eine Samenbank, deren Name für das Zuchtziel steht: Sorten, die in rund neun Wochen durch die Blüte gehen.

Das Programm besteht aus feminisierten Hybriden mit Namen aus dem Drip- und Runtz-Umfeld. Zu den einzelnen Linien veröffentlicht der Züchter keine ausführlichen Datenblätter.",Nine Weeks Harvest Hanfsamen kaufen | Hanfjack,Nine Weeks Harvest: feminisierte Hybriden mit rund neun Wochen Blütezeit. Jetzt bei Hanfjack bestellen.,Nine Weeks Harvest
16635,Nirvana Seeds,nirvana-seeds,67,"Nirvana Seeds ist eine niederländische Samenbank und seit den Neunzigern für preiswerte, gut dokumentierte Klassiker bekannt.

Im Sortiment stehen die bekannten Linien – White Widow, Northern Lights, Blue Mystic, Top 44 – meist in allen drei Ausführungen nebeneinander: feminisiert, regulär und selbstblühend. Die Marke richtet sich damit sowohl an Einsteiger als auch an alle, die reguläre Samen für eigene Kreuzungen suchen.",Nirvana Seeds Hanfsamen kaufen | Hanfjack,"Nirvana Seeds: Klassiker wie White Widow und Northern Lights, feminisiert, regulär und Auto. Jetzt bei Hanfjack bestellen.",Nirvana Seeds
16474,Nohlex,nohlex,5,"Nohlex stellt Waagen für den Versand und die Werkstatt her.

Im Sortiment stehen Tischwaagen mit unterschiedlichen Wägebereichen sowie Paketwaagen für größere Lasten. Die Geräte sind auf robusten Dauerbetrieb ausgelegt.",Nohlex Tisch- und Paketwaagen kaufen | Hanfjack,Nohlex: Tischwaagen und Paketwaagen in mehreren Wägebereichen für den Dauerbetrieb. Jetzt bei Hanfjack bestellen.,Nohlex
593,Norddampf,norddampf,17,"Norddampf ist ein deutscher Hersteller von Vaporizern und Zubehör.

Zentrales Gerät ist der RELICT, für den es ein ganzes Zubehörprogramm gibt: Bubbler als Wasserfilter, Adapter für Bongs mit 14- und 18-mm-Schliff sowie Behälter für Dosierkapseln. Dazu kommen Dab Pens für Konzentrate.",Norddampf RELICT Vaporizer und Zubehör kaufen | Hanfjack,"Norddampf: RELICT-Vaporizer mit Bubbler, Bong-Adaptern und Zubehör, dazu Dab Pens. Jetzt bei Hanfjack bestellen.",Norddampf
16446,Nutriculture,nutriculture,2,"Nutriculture ist ein britischer Hersteller von Hydroponiksystemen.

X-Stream ist ein Vermehrungssystem: Die Stecklinge stehen über einem Nebel aus Nährlösung, der die Schnittstelle ständig feucht hält. Es gibt es für 20 und 40 Pflanzen.",Nutriculture X-Stream Vermehrungssysteme kaufen | Hanfjack,Nutriculture: X-Stream Vermehrungssysteme mit Sprühnebel für 20 und 40 Stecklinge. Jetzt bei Hanfjack.,Nutriculture
5418,OCB,ocb,3,"OCB ist ein französischer Papierhersteller und eine der ältesten Marken in diesem Bereich.

Die Slim-Premium-Papers kommen im Format 109 × 44 mm mit natürlicher Akaziengummierung und werden chlorfrei hergestellt. Dazu führt die Marke Rolling Trays aus Aluminium und Aufbewahrungsboxen mit Echtholzdeckel.","OCB Papers, Trays und Boxen kaufen | Hanfjack","OCB: Slim-Premium-Papers mit Akaziengummi, chlorfrei, dazu Alu-Trays und Rolling Box. Bei Hanfjack bestellen.",OCB
16476,Ona,ona,0,"Ona ist eine Marke für Geruchsneutralisierer in mehreren Darreichungsformen.

Es gibt Gel mit 400 und 732 g, Blöcke mit 170 g, Sprays mit 250 ml und ein Liquid mit 922 ml. Die Duftrichtungen heißen Fresh Linen und Pro. Weitergehende Herstellerangaben liegen uns zu dieser Marke nicht in belegbarer Form vor.",Ona Geruchsneutralisierer kaufen | Hanfjack,"Ona: Geruchsneutralisierer als Gel, Block, Spray und Liquid in Fresh Linen und Pro. Jetzt bei Hanfjack bestellen.",Ona
128,Palacio,palacio,32,"Palacio ist eine Pflegemarke mit Hanf als durchgehendem Bestandteil – Massagegele, Cremes, Salben, Shampoo und Badezusätze.

Die Massagegele gibt es in drei Richtungen: wärmend als Cannahot, kühlend als Cannacool und neutral ohne Zusatz. Mehrere Produkte sind zusätzlich als Forte-Ausführung erhältlich, also stärker dosiert. Alle Artikel sind kosmetische Mittel zur äußerlichen Anwendung.",Palacio Hanf-Pflegeprodukte kaufen | Hanfjack,"Palacio: Massagegele wärmend und kühlend, Cremes, Salben und Shampoo mit Hanf. Jetzt bei Hanfjack bestellen.",Palacio
2168,Paradise Seeds,paradise-seeds,18,"Paradise Seeds ist eine niederländische Samenbank und arbeitet seit den frühen Neunzigern aus Amsterdam.

Im Programm stehen feminisierte und selbstblühende Sorten, darunter langjährige Linien wie Wappa, Vertigo und Acid. Die Marke legt Wert auf gleichbleibende Genetik über die Jahre statt auf schnell wechselnde Neuheiten.",Paradise Seeds Hanfsamen kaufen | Hanfjack,Paradise Seeds aus Amsterdam: feminisierte und selbstblühende Sorten wie Wappa und Acid. Jetzt bei Hanfjack.,Paradise Seeds
13842,Phinest Cannabis,phinest-cannabis,1,"Phinest Cannabis ist eine US-Samenbank; im Shop steht Crostata.

Die Marke arbeitet mit eigenen Selektionen und Zusammenarbeiten mit anderen Züchtern.",Phinest Cannabis Crostata kaufen | Hanfjack,Phinest Cannabis: Crostata aus dem Programm der US-Samenbank mit eigenen Selektionen und Kooperationen. Bei Hanfjack.,Phinest Cannabis
16046,Phonic Trap,phonic-trap,7,"Phonic Trap ist ein Schalldämmschlauch für Abluftanlagen.

Der Schlauch ist mehrschichtig aufgebaut und dämpft das Laufgeräusch des Ventilators auf der Strecke zwischen Filter und Auslass. Es gibt ihn in Durchmessern von 102 bis 315 mm, als 3- und 10-Meter-Stück.",Phonic Trap Schalldämmschlauch kaufen | Hanfjack,"Phonic Trap: schalldämmender Abluftschlauch von 102 bis 315 mm, als 3- und 10-Meter-Stück. Jetzt bei Hanfjack.",Phonic Trap
1953,Plagron,plagron,47,"Plagron ist ein niederländischer Hersteller von Erden, Substraten und Düngern und deckt beide Seiten ab: Substrat und Nährstoff aus einer Hand.

Die Erden unterscheiden sich vor allem darin, wie lange sie vorgedüngt sind – Lightmix für eine Woche, Growmix für drei, Allmix und Royalmix für sechs. Promix kommt ohne Vordüngung, wenn die Nährstoffgabe von Anfang an selbst gesteuert werden soll. Dazu kommen Kokossubstrate und organische Dünger wie Bat Guano und Supermix.","Plagron Erde, Substrate und Dünger kaufen | Hanfjack","Plagron: Erden von Lightmix bis Royalmix, Kokossubstrate und organische Dünger. Jetzt bei Hanfjack bestellen.",Plagron
16478,PLANT!T,plantt,1,"PLANT!T liefert Zubehör für die Aufhängung im Anbauraum.

Die YoYos sind federbelastete Seilzüge, mit denen sich Lampen und Filter mit einem Griff in der Höhe verstellen lassen. Im Shop steht das Achterset.",PLANT!T YoYo Aufhängung kaufen | Hanfjack,"PLANT!T: federbelastete YoYo-Seilzüge zum Höhenverstellen von Lampen und Filtern, im 8er-Set. Jetzt bei Hanfjack.",PLANT!T
16524,Pollinator,pollinator,2,"Pollinator ist ein niederländischer Hersteller von Trommelsieben für die trockene Trennung.

Das Material rotiert in einer Trommel über einem Sieb; die Harzdrüsen fallen durch, das Pflanzenmaterial bleibt zurück. Die Geräte gibt es für Chargen bis 150 g und bis 500 g.",Pollinator Trommelsiebe kaufen | Hanfjack,"Pollinator: Trommelsiebe für die Trockensiebung, für Chargen bis 150 g und bis 500 g. Jetzt bei Hanfjack.",Pollinator
8696,PotKing,potking,6,"PotKing stellt Stofftöpfe aus Vliesmaterial her, das aus recyceltem PET gewonnen wird.

Die luftdurchlässige Wandung lässt Wurzelspitzen an der Außenseite abtrocknen, sodass sich mehr Feinwurzeln bilden und keine Staunässe steht. Die Töpfe gibt es im Set von 8 bis 39 Litern.",PotKing Stofftöpfe kaufen | Hanfjack,"PotKing: luftdurchlässige Stofftöpfe aus recyceltem PET, im Set von 8 bis 39 Litern. Jetzt bei Hanfjack bestellen.",PotKing
14171,Preferred Gardens,preferred-gardens,0,"Preferred Gardens benennt sein Programm durchgehend nach den gekreuzten Elternlinien.

Geführt werden Twin x Znackz, Verzace x Znackz, Twin x Blue Zu, Blue Zu x Znackz, Lemon Tree x Lazer Gun, Zoap x Blue Zu, D-Lish x Znackz, Zoap x Lazer Gun und Znackz x Lazer Gun. Weitergehende Herstellerangaben liegen uns zu dieser Marke nicht in belegbarer Form vor.",Preferred Gardens Hanfsamen kaufen | Hanfjack,"Preferred Gardens: Kreuzungen rund um Znackz, Blue Zu, Zoap und Lazer Gun. Jetzt bei Hanfjack bestellen.",Preferred Gardens
16044,Prima Klima,prima-klima,15,"Prima Klima ist ein deutscher Hersteller von Ventilatoren und Lüftungstechnik.

Das Programm reicht von kleinen Rohrventilatoren bis zu Geräten mit 4250 m³/h. Die EC-Modelle lassen sich stufenlos regeln; die THC-Ausführungen haben einen Temperatur- und Feuchteregler bereits eingebaut und starten bei 0 m³/h.",Prima Klima Ventilatoren und Lüftungstechnik kaufen | Hanfjack,"Prima Klima: Rohrventilatoren mit EC-Motor bis 4250 m³/h, THC-Modelle mit eingebautem Regler. Bei Hanfjack.",Prima Klima
7647,Prof,prof,0,"Prof steht für Feuerzeuge mit gedruckten Motiven.

Aus dem Programm stammt eine Ausführung mit Rasta-Leaves-Motiv; welches Motiv geliefert wird, entscheidet der Zufall. Weitergehende Herstellerangaben liegen uns zu dieser Marke nicht in belegbarer Form vor.",Prof Feuerzeug Rasta Leaves kaufen | Hanfjack,"Prof: Feuerzeug mit Rasta-Leaves-Motiv, die Motivauswahl erfolgt zufällig. Jetzt bei Hanfjack bestellen.",Prof
16507,Pure Factory,pure-factory,2,"Pure Factory liefert Zubehör für die Verarbeitung, im Shop den Top Spinner Rotor.

Die Rotoren gibt es in zwei Durchmessern, 19 und 24 Zoll, passend zur jeweiligen Maschinengröße.",Pure Factory Top Spinner Rotor kaufen | Hanfjack,Pure Factory: Top Spinner Rotor in 19 und 24 Zoll für die Verarbeitung. Jetzt bei Hanfjack bestellen.,Pure Factory
1848,PURIZE,purize,59,"PURIZE ist ein deutscher Hersteller von Aktivkohlefiltern und hat das schlanke 6-mm-Format im deutschsprachigen Raum bekannt gemacht.

Die Filter gibt es in mehreren Durchmessern – XTRA Slim mit 6 mm, Regular Size mit 9 mm und als konische Ausführung. Die Aktivkohle wird aus Kokosnussschalen gewonnen. Dazu kommen Papers, vorgerollte Cones, Holzmundstücke und Rolling Trays aus Pflanzenfaser-Verbundstoff.",PURIZE Aktivkohlefilter und Zubehör kaufen | Hanfjack,"PURIZE: Aktivkohlefilter in 6 und 9 mm aus Kokosnussschale, dazu Papers, Cones und Trays. Jetzt bei Hanfjack bestellen.",PURIZE
12993,PuroCuro,purocuro,1,"PuroCuro führt ein Hanf-CBD-Pflaster zur äußerlichen Anwendung.

Das Pflaster gibt seinen Inhalt über die Haut ab. Angaben zu einer gesundheitlichen Wirkung sind nicht zulässig und werden hier bewusst nicht gemacht.",PuroCuro Hanf-CBD-Pflaster kaufen | Hanfjack,"PuroCuro: Hanf-CBD-Pflaster mit 2048 mg, das seinen Inhalt über die Haut abgibt. Jetzt bei Hanfjack bestellen.",PuroCuro
8576,Purpl Scientific,purpl-scientific,1,"Purpl Scientific baut ein tragbares Messgerät für Cannabinoidgehalte.

Das Purpl PRO arbeitet mit Nahinfrarot-Spektroskopie und liefert einen Näherungswert ohne Laboranalyse. Für rechtlich verwertbare Werte bleibt ein Labor nötig.",Purpl PRO THC-Messgerät kaufen | Hanfjack,Purpl Scientific: PRO-Messgerät mit Nahinfrarot-Spektroskopie für Cannabinoid-Näherungswerte. Bei Hanfjack.,Purpl
16634,Purple City Genetics,purple-city-genetics,5,"Purple City Genetics ist eine Samenbank aus Oakland, Kalifornien, und arbeitet mit einem eigenen Testverfahren für ihre Linien.

Das Programm umfasst feminisierte und reguläre Sorten wie Purple #40, Smac Town und Limón Picón. Reguläre Packungen richten sich an alle, die selbst selektieren wollen.",Purple City Genetics Hanfsamen kaufen | Hanfjack,Purple City Genetics aus Oakland: feminisierte und reguläre Linien wie Purple #40. Jetzt bei Hanfjack bestellen.,Purple City Genetics
2622,Pyramid Seeds,pyramid-seeds,62,"Pyramid Seeds ist eine spanische Samenbank und führt viele ihrer Sorten in vier Ausführungen nebeneinander.

Zu einer Linie wie White Widow gibt es feminisiert, selbstblühend, als CBD-Version und als CBD-Autoflower – wer eine bestimmte Sorte mit niedrigerem THC-Anteil sucht, findet sie hier meist auch. Dazu kommen eigene Kreuzungen wie Black Cherry Punch.",Pyramid Seeds Hanfsamen kaufen | Hanfjack,"Pyramid Seeds: viele Sorten als feminisiert, Auto, CBD und CBD-Auto nebeneinander. Jetzt bei Hanfjack bestellen.",Pyramid Seeds
16517,Qnubu,qnubu,28,"Qnubu liefert das Zubehör rund um Extraktion, Verarbeitung und Lagerung.

Dazu gehören geruchsdichte Zip-Beutel in mehreren Größen, Aluminiumbeutel zum Verschweißen, Silikonbehälter und -matten für Konzentrate sowie Zubehör für Pressen. Die Silikonartikel sind antihaftend und lassen sich rückstandsarm ausräumen.",Qnubu Extraktions- und Lagerzubehör kaufen | Hanfjack,"Qnubu: geruchsdichte Zip-Beutel, Aluminiumbeutel, Silikonbehälter und -matten für Konzentrate. Bei Hanfjack bestellen.",Qnubu
1756,RAW,raw,25,"RAW ist eine der bekanntesten Papermarken und steht für ungebleichtes Papier ohne Zusatzstoffe.

Neben Papers in mehreren Formaten und vorgerollten Hülsen führt die Marke Zubehör: Rolling Trays in verschiedenen Größen mit passenden Deckeln, Aschenbecher, Mason Jars, Filter und eine Tray-Variante mit eingebauter Feinwaage.","RAW Papers, Trays und Zubehör kaufen | Hanfjack","RAW: ungebleichte Papers, vorgerollte Hülsen, Rolling Trays mit Deckel, Aschenbecher und Gläser. Bei Hanfjack.",RAW
13853,Relentless Genetics,relentless-genetics,2,"Relentless Genetics ist eine US-Samenbank mit eigenen Kreuzungen.

Im Shop stehen einzelne Linien wie Colorado Night Shifter und Super Orange Glue. Ausführliche Datenblätter veröffentlicht der Züchter zu diesen Sorten nicht.",Relentless Genetics Hanfsamen kaufen | Hanfjack,Relentless Genetics: US-Linien wie Colorado Night Shifter und Super Orange Glue. Jetzt bei Hanfjack bestellen.,Relentless Genetics
3938,Rhino,rhino,0,"Rhino stellt Aktivkohlefilter für die Abluft her.

Geführt wird die Pro-Serie als Variantenprodukt. Weitergehende Herstellerangaben liegen uns zu dieser Marke nicht in belegbarer Form vor.",Rhino Pro Aktivkohlefilter kaufen | Hanfjack,Rhino: Aktivkohlefilter der Pro-Serie für die Abluftreinigung im Growraum. Jetzt bei Hanfjack bestellen.,Rhino
15525,RIPNDIP x HEMPER,ripndip-x-hemper,1,"RIPNDIP x HEMPER ist eine Zusammenarbeit der Streetwear-Marke RIPNDIP mit HEMPER.

Im Shop steht der Nermal Persönliche Luftfilter – ein kleines Gerät, in das ausgeatmet wird und das den Rauchgeruch bindet.",RIPNDIP x HEMPER Luftfilter kaufen | Hanfjack,RIPNDIP x HEMPER: Nermal Persönlicher Luftfilter gegen Rauchgeruch im Streetwear-Design. Bei Hanfjack.,RIPNDIP x HEMPER
2619,Ripper Seeds,ripper-seeds,20,"Ripper Seeds ist eine spanische Samenbank aus Katalonien mit eigenen feminisierten Linien.

Bekannt ist die Marke vor allem für Zombie Kush, die es zusätzlich als Autoflower gibt. Das übrige Programm umfasst Sorten wie Washing Machine, Zake und Zombie Bride.",Ripper Seeds Hanfsamen kaufen | Hanfjack,"Ripper Seeds aus Katalonien: feminisierte Sorten wie Zombie Kush, auch als Autoflower. Jetzt bei Hanfjack bestellen.",Ripper Seeds
16348,Rock Nutrients,rock-nutrients,3,"Rock Nutrients ist ein Düngerhersteller und im Shop mit Rock Resinator vertreten.

Der Zusatz ist für die Blütephase ausgelegt und zielt auf die Harzbildung. Es gibt ihn von 250 ml bis 5 Liter.",Rock Nutrients Rock Resinator kaufen | Hanfjack,"Rock Nutrients: Rock Resinator als Blütezusatz für die Harzbildung, 250 ml bis 5 Liter. Bei Hanfjack.",Rock Nutrients
16443,Romberg,romberg,1,"Romberg ist ein deutscher Hersteller von Anzuchtzubehör.

Im Shop steht ein kleines Zimmergewächshaus mit 38 × 24 cm – für die Anzucht auf der Fensterbank, wo Feuchtigkeit und Wärme unter der Haube bleiben.",Romberg Zimmergewächshaus kaufen | Hanfjack,"Romberg: Zimmergewächshaus mit 38 × 24 cm für die Anzucht auf der Fensterbank, hält Wärme und Feuchte. Bei Hanfjack.",Romberg
3957,Root Pouch,root-pouch,1,"Root Pouch stellt Pflanzsäcke aus recyceltem Textilmaterial her.

Die luftdurchlässige Wandung lässt Wurzelspitzen abtrocknen, sodass sich mehr Feinwurzeln bilden. Im Shop steht die Ausführung mit Griffen und 78 Litern.",Root Pouch Pflanzsack kaufen | Hanfjack,Root Pouch: luftdurchlässiger Pflanzsack aus recyceltem Textil mit 78 Litern und Griffen. Bei Hanfjack.,Root Pouch
12720,ROOT!T,roott,5,"ROOT!T ist auf die Anzucht spezialisiert – Bewurzelung, Beleuchtung und Wärme für Stecklinge und Sämlinge.

Das Rooting Gel wird auf die Schnittstelle aufgetragen und versiegelt sie zugleich. Dazu kommen LED-Leisten für die Anzucht und ein Thermostat, mit dem sich Heizmatten auf eine feste Temperatur regeln lassen.",ROOT!T Anzuchtzubehör kaufen | Hanfjack,"ROOT!T: Rooting Gel für Stecklinge, LED-Leisten für die Anzucht und Heizmatten-Thermostat. Bei Hanfjack.",ROOT!T
3669,Royal Queen Seeds,royal-queen-seeds,178,"Royal Queen Seeds ist ein niederländischer Samenhersteller und im Shop mit dem größten Sortenprogramm vertreten – feminisiert, selbstblühend und als F1-Hybride.

Die F1-Reihe ist die jüngste Entwicklung der Marke: echte erste Filialgeneration, die deutlich einheitlicher wächst als übliche Kreuzungen. Dazu kommen die Sorten aus der Zusammenarbeit mit Mike Tyson sowie Zubehör wie Aufbewahrungsgläser und ein Taschenmikroskop.",Royal Queen Seeds Hanfsamen kaufen | Hanfjack,"Royal Queen Seeds: feminisierte, selbstblühende und F1-Sorten sowie die Tyson-Reihe. Jetzt bei Hanfjack bestellen.",Royal Queen Seeds
16471,RoyalRoom,royalroom,1,"RoyalRoom baut Growzelte.

Die Classic Serie deckt die gängigen Formate ab; das Modell C120S steht für eine Grundfläche von 120 cm in der schmalen Ausführung.",RoyalRoom Growzelte der Classic Serie kaufen | Hanfjack,"RoyalRoom: Growzelte der Classic Serie, im Shop das Modell C120S mit 120 cm Grundfläche. Bei Hanfjack.",RoyalRoom
16305,S&amp;R Organics,sr-organics,7,"S&amp;R Organics stellt Dünger auf rein pflanzlicher Basis her – die GreenPower-Reihe kommt ohne tierische Bestandteile aus.

Neben dem 5in1-Grunddünger gibt es gezielte Ergänzungen wie VeganCalMagBoost und VeganPhosphorBoost. Die Gebinde reichen bis 10 Liter.",S&R Organics vegane Dünger kaufen | Hanfjack,"S&R Organics: GreenPower 5in1 sowie VeganCalMag- und VeganPhosphorBoost, rein pflanzlich. Jetzt bei Hanfjack.",S&R Organics
1891,SANlight,sanlight,33,"SANlight ist ein österreichischer Hersteller von LED-Beleuchtung für den Innenanbau und fertigt in Europa.

Die EVO-Serie ist modular aufgebaut: Die Bezeichnung nennt die Zahl der Module und die Länge, also etwa EVO 4-120 für vier Module auf 120 cm. Alle EVO-Leuchten haben Schutzart IP65. Die FLEX-Serie deckt Anzucht und Stecklinge ab. Dazu kommen Dimmer, Verteilerblöcke und Kabel.",SANlight EVO und FLEX LED-Lampen kaufen | Hanfjack,"SANlight: modulare EVO-LED-Leuchten mit IP65, FLEX-Serie für die Anzucht, Dimmer und Kabel. Jetzt bei Hanfjack.",SANlight
8830,Schumann Naturdünger,schumann-naturduenger,1,"Schumann Naturdünger ist ein deutscher Hersteller organischer Dünger.

Im Shop steht ein 4-in-1-Set, das die Gaben für Wachstum und Blüte zusammenfasst. Organische Dünger wirken über das Bodenleben und damit langsamer als mineralische.",Schumann Naturdünger 4-in-1 Set kaufen | Hanfjack,Schumann Naturdünger: organisches 4-in-1-Set für Wachstum und Blüte aus deutscher Herstellung. Bei Hanfjack.,Schumann Naturdünger
2175,Seed Junky Genetics,seed-junky-genetics,3,"Seed Junky Genetics ist eine US-Samenbank und hat einige der meistverbreiteten Linien der letzten Jahre hervorgebracht.

Wedding Cake und Permanent Marker stammen aus diesem Zuchtprogramm und tauchen heute in den Stammbäumen zahlloser anderer Sorten auf.",Seed Junky Genetics Hanfsamen kaufen | Hanfjack,Seed Junky Genetics: die Samenbank hinter Wedding Cake und Permanent Marker. Jetzt bei Hanfjack bestellen.,Seed Junky Genetics
16637,Seedsman,seedsman,76,"Seedsman ist eine britische Samenbank, die neben eigenen Linien auch Klassiker anderer Züchter in eigener Abfüllung führt.

Dadurch stehen bekannte Sorten wie White Widow, Skunk und Zkittlez in mehreren Ausführungen nebeneinander – feminisiert, selbstblühend und als Fast-Version mit verkürzter Blüte. Ergänzt wird das Programm um CBD-reiche Sorten mit hohem CBD-zu-THC-Verhältnis.",Seedsman Hanfsamen kaufen | Hanfjack,"Seedsman: Klassiker wie White Widow und Zkittlez als feminisiert, Auto, Fast und CBD-Linie. Jetzt bei Hanfjack bestellen.",Seedsman
2643,Sensi Seeds,sensi-seeds,100,"Sensi Seeds aus Amsterdam gehört zu den ältesten Samenbanken der Welt und hat einen großen Teil der heute verbreiteten Genetik mit aufgebaut.

Das Sortiment führt viele Ursprungslinien in ihrer ursprünglichen Form weiter – Hindu Kush, Super Skunk, Northern Lights, Jack Herer – und bietet sie jeweils feminisiert, regulär und teils selbstblühend an. Reguläre Samen sind hier kein Restposten, sondern Programm: Sie sind die Grundlage für eigene Zuchtarbeit.",Sensi Seeds Hanfsamen kaufen | Hanfjack,"Sensi Seeds: Klassiker aus Amsterdam wie Hindu Kush und Super Skunk, feminisiert und regulär. Jetzt bei Hanfjack bestellen.",Sensi Seeds
4751,Serious Seeds,serious-seeds,27,"Serious Seeds ist eine kleine niederländische Samenbank mit bewusst schmalem Programm – wenige Sorten, dafür über Jahrzehnte gepflegt.

AK47, White Russian, Chronic und Warlock gehören zu den meistausgezeichneten Linien der Neunziger und werden bis heute unverändert weitergeführt. Die meisten Sorten gibt es feminisiert und regulär, einige zusätzlich als Autoflower.",Serious Seeds Hanfsamen kaufen | Hanfjack,"Serious Seeds: AK47, White Russian und Chronic – Klassiker feminisiert und regulär. Jetzt bei Hanfjack bestellen.",Serious Seeds
15548,SHEESH,sheesh,0,"SHEESH führt Einweg-Vapes und Pods in mehreren Baureihen.

Die Hyper Series DNT-9 kommt mit 2 ml, die Superior Pro Vapes mit 1 ml und die Signature Pods mit 2 ml. Die Geschmacksrichtungen reichen von Zkittlez und Super Lemon Haze über Purple Haze bis Peach Ice und Blueberry. Weitergehende Herstellerangaben liegen uns zu dieser Marke nicht in belegbarer Form vor.",SHEESH Vapes und Pods kaufen | Hanfjack,"SHEESH: Hyper Series DNT-9, Superior Pro Vapes und Signature Pods mit 1 und 2 ml. Jetzt bei Hanfjack bestellen.",SHEESH
16633,Silent Seeds,silent-seeds,27,"Silent Seeds ist eine spanische Samenbank mit feminisierten Sorten aus dem aktuellen US-Umfeld.

Das Programm umfasst Linien wie Zkittlez 2.0, Watermelon Runtz, Starfire OG und Polar Gelato. Der Schwerpunkt liegt auf photoperiodischen Sorten, ergänzt um einige selbstblühende Fassungen.",Silent Seeds Hanfsamen kaufen | Hanfjack,"Silent Seeds: feminisierte Sorten wie Zkittlez 2.0, Watermelon Runtz und Starfire OG. Jetzt bei Hanfjack bestellen.",Silent Seeds
15524,Smoke Fiends,smoke-fiends,18,"Smoke Fiends stellt persönliche Luftfilter her – kleine Geräte, in die ausgeatmet wird und die den Rauchgeruch binden.

Die Filter gibt es in mehreren Ausführungen, für jede sind Ersatzfilter einzeln und im Dreierpack erhältlich. Der Filtereinsatz ist der Verschleißteil und wird nach einer gewissen Zahl von Zügen getauscht.",Smoke Fiends Luftfilter und Ersatzfilter kaufen | Hanfjack,Smoke Fiends: persönliche Luftfilter gegen Rauchgeruch samt Ersatzfiltern einzeln und im 3er-Pack. Bei Hanfjack.,Smoke Fiends
1762,Smoking,smoking,8,"Smoking ist ein spanischer Papierhersteller aus Alcoy und produziert dort seit dem 19. Jahrhundert.

Die Reihen unterscheiden sich vor allem in der Papierstärke: Thinnest mit rund 12 g/m² ist das dünnste, Deluxe und Master liegen bei etwa 13 g/m². Master kommt im schmalen King-Size-Format, Red und die Creators-Reihe bringen Tips im selben Heft mit. Das Papier ist FSC-zertifiziert.",Smoking Papers kaufen | Hanfjack,"Smoking aus Alcoy: Papers von Thinnest mit 12 g/m² bis Master und Deluxe, FSC-zertifiziert. Jetzt bei Hanfjack.",Smoking
14641,Solfire Gardens,solfire-gardens,23,"Solfire Gardens ist eine US-Samenbank mit feminisierten Linien, die überwiegend in Sechserpackungen kommen.

Die Sorten tragen Namen wie Yacht Party, Trap God und Sundae Supper und stammen aus dem eigenen Zuchtprogramm. Ausführliche Datenblätter veröffentlicht der Züchter zu den einzelnen Linien nicht.",Solfire Gardens Hanfsamen kaufen | Hanfjack,"Solfire Gardens: feminisierte US-Linien wie Yacht Party und Trap God, meist 6 Samen. Jetzt bei Hanfjack bestellen.",Solfire Gardens
16442,Speedgrow,speedgrow,2,"Speedgrow stellt Anzuchtmedien auf Basis eines offenporigen Schaums her.

Der Schaum hält Wasser und Luft zugleich; die Wurzel wächst hindurch, ohne dass beim Umsetzen etwas abreißt. Die Trays gibt es mit 84 und 126 Plätzen in unterschiedlichen Lochdurchmessern.",Speedgrow Anzuchttrays kaufen | Hanfjack,Speedgrow: Anzuchttrays aus offenporigem Schaum mit 84 und 126 Plätzen. Jetzt bei Hanfjack bestellen.,Speedgrow
6230,Spider Farmer,spider-farmer,111,"Spider Farmer stellt Technik für den Innenanbau her – LED-Lampen, Growboxen, Abluft, Klimageräte und Steuerung.

Der Schwerpunkt liegt auf dem Genius Grow System: einem Controller, der Lampe, Lüfter, Befeuchter und Entfeuchter über Sensoren zusammenführt und per App steuerbar ist. Daneben führt die Marke Komplettsets aus Box und Lampe sowie Zubehör von Anzuchtschalen bis Bowl Trimmer.","Spider Farmer LED, Growbox und Technik kaufen | Hanfjack","Spider Farmer: LED-Lampen, Growboxen, Abluft und das Genius Grow System mit App-Steuerung. Jetzt bei Hanfjack bestellen.",Spider Farmer
134,Storz &amp; Bickel,storz-bickel,21,"Storz &amp; Bickel fertigt in Tuttlingen und gilt als Referenz im Vaporizer-Bau. Die Geräte sind als Medizinprodukt zertifiziert.

Das Programm teilt sich in Tischgeräte und tragbare: der Volcano mit Ballonsystem als Klassiker, dazu VENTY, MIGHTY+, CRAFTY+ und VEAZY für unterwegs. Alle Geräte arbeiten mit einstellbarer Temperatur; Zubehör wie Dosierkapseln und Füllhilfen passt modellübergreifend.",Storz & Bickel Vaporizer kaufen | Hanfjack,"Storz & Bickel aus Tuttlingen: Volcano, VENTY, MIGHTY+, CRAFTY+ und VEAZY samt Zubehör. Jetzt bei Hanfjack bestellen.",Storz & Bickel
16346,SUPERthrive,superthrive,2,"SUPERthrive ist ein US-Klassiker unter den Pflanzenhilfsmitteln und wird seit den Vierzigerjahren unverändert hergestellt.

Das Mittel ist stark konzentriert und wird tropfenweise dosiert; entsprechend lange reichen die Flaschen. Es gibt es in 120 und 480 ml.",SUPERthrive Vitamin kaufen | Hanfjack,"SUPERthrive: hochkonzentriertes Pflanzenhilfsmittel, tropfenweise dosiert, in 120 und 480 ml. Bei Hanfjack.",SUPERthrive
791,Sweedbar,sweedbar,38,"Sweedbar ist eine Marke mit breitem Sortiment rund um Hanf: selbstblühende Samen, CBD-Blüten und -Extrakte sowie Lebensmittel wie Tees.

Die CBD-Artikel werden in Deutschland als Aromaprodukte gehandelt und sind nicht zum Verzehr bestimmt; zu einer gesundheitlichen Wirkung sind keine Angaben zulässig. Die Samenlinie umfasst bekannte Sorten wie Northern Lights, Orange Bud und Zkittlez in selbstblühender Fassung.","Sweedbar Samen, CBD-Blüten und Tees kaufen | Hanfjack","Sweedbar: selbstblühende Samen, CBD-Blüten als Aromaprodukt und Hanftees. Jetzt bei Hanfjack bestellen.",Sweedbar
11573,Sweet Seeds,sweet-seeds,81,"Sweet Seeds ist eine spanische Samenbank aus Valencia und hat sich früh auf selbstblühende Sorten spezialisiert.

Die Bezeichnungen im Sortiment folgen einem festen Schema: XL Auto steht für die ertragsstärkeren Autoflower-Linien, F1 FAST für photoperiodische Sorten mit verkürzter Blüte. Dazu kommen CBD-reiche Linien für alle, die einen niedrigeren THC-Anteil suchen.",Sweet Seeds Hanfsamen kaufen | Hanfjack,"Sweet Seeds aus Valencia: XL-Autoflower, F1-FAST-Sorten mit kurzer Blüte und CBD-Linien. Jetzt bei Hanfjack bestellen.",Sweet Seeds
14038,Terphogz,terphogz,16,"Terphogz ist die Samenbank hinter der Zkittlez-Linie und führt deren Nachkommen weiter.

Die Sorten tragen fast alle ein Z im Namen – Pineapple Zowah, White Zlushie, Banana Zruntz – und kommen in Zehnerpackungen. Angeboten werden sie regulär und feminisiert.",Terphogz Hanfsamen kaufen | Hanfjack,"Terphogz: die Samenbank hinter Zkittlez, mit Linien wie White Zlushie und Banana Zruntz. Bei Hanfjack bestellen.",Terphogz
16640,TerpyZ Mutant Genetics,terpyz-mutant-genetics,11,"TerpyZ Mutant Genetics ist eine Samenbank, die gezielt mit Mutationen arbeitet – etwa panaschierten Blättern oder abweichendem Blattwuchs.

Die Linien kommen als reguläre Samen, weil sich solche Merkmale nur über eigene Selektion weitertragen lassen. Kürzel wie GP und AD im Namen kennzeichnen die jeweilige Zuchtlinie.",TerpyZ Mutant Genetics Hanfsamen kaufen | Hanfjack,TerpyZ Mutant Genetics: reguläre Samen mit Mutationen wie panaschierten Blättern. Jetzt bei Hanfjack bestellen.,TerpyZ Mutant Genetics
1402,Terra Aquatica (GHE),terra-aquatica-ghe,48,"Terra Aquatica ist der französische Hersteller, der früher unter dem Namen General Hydroponics Europe firmierte – das Kürzel GHE steht bis heute im Markennamen.

Kern des Programms ist TriPart: ein Dreikomponentensystem aus Micro, Grow und Bloom, das über das Mischungsverhältnis an jede Wachstumsphase angepasst wird. Micro gibt es zusätzlich in einer Hardwater-Variante für kalkhaltiges Leitungswasser. Daneben stehen Trockendünger und pH-Regulierung.",Terra Aquatica (GHE) Dünger kaufen | Hanfjack,"Terra Aquatica (GHE): TriPart aus Micro, Grow und Bloom, dazu Trockendünger und pH-Mittel. Jetzt bei Hanfjack bestellen.",Terra Aquatica
14168,The Bulldog Seeds,the-bulldog-seeds,0,"The Bulldog Seeds führt ein Programm aus Klassikern und aktuellen Kreuzungen.

Dazu gehören Amnesia, Sour Diesel, Wedding Cake, Do-si-dos, Cookies, Mimosa, Papaya, Runtz, Biscotti, Gelato 17, Orange 90 und Joris Pound Cake; Gelato und Skittlez kommen zusätzlich als selbstblühende Fassung. Weitergehende Herstellerangaben liegen uns zu dieser Marke nicht in belegbarer Form vor.",The Bulldog Seeds Hanfsamen kaufen | Hanfjack,"The Bulldog Seeds: Amnesia, Sour Diesel, Wedding Cake, Runtz und Gelato Auto als Hanfsamen. Bei Hanfjack.",The Bulldog Seeds
7669,The Cali Connection,the-cali-connection,35,"The Cali Connection ist eine kalifornische Samenbank und arbeitet mit Linien aus dem OG-Kush- und Sour-Diesel-Umfeld.

Die Sorten gibt es feminisiert, regulär und teils selbstblühend; die Gold Collection fasst ausgewählte Linien zusammen. Reguläre Packungen mit zehn Samen richten sich an alle, die selbst kreuzen und selektieren wollen.",The Cali Connection Hanfsamen kaufen | Hanfjack,"The Cali Connection: kalifornische OG- und Sour-Diesel-Linien, feminisiert und regulär. Jetzt bei Hanfjack bestellen.",The Cali Connection
3936,The Happy Cannabis,the-happy-cannabis,1,"The Happy Cannabis führt einen Universaldünger für alle Anbauphasen.

Ein Universaldünger deckt Wachstum und Blüte mit einer Flasche ab – weniger Feinsteuerung, dafür einfacher zu handhaben. Im Shop steht die 500-ml-Flasche.",The Happy Cannabis Universaldünger kaufen | Hanfjack,"The Happy Cannabis: Universaldünger für Wachstum und Blüte in einer Flasche, 500 ml. Jetzt bei Hanfjack.",The Happy Cannabis
13854,The Ten Co.,the-ten-co,1,"The Ten Co. ist eine US-Samenbank; im Shop steht Blue Zushi.

Die Linie stammt aus dem Zushi-Umfeld. Ausführliche Züchterangaben liegen dazu nicht in belegbarer Form vor.",The Ten Co. Blue Zushi kaufen | Hanfjack,"The Ten Co.: Blue Zushi, eine feminisierte Linie aus dem Zushi-Umfeld der US-Samenbank. Jetzt bei Hanfjack bestellen.",The Ten Co.
8139,Thug Life,thug-life,3,"Thug Life ist eine Glasmarke und im Shop mit der OG Series vertreten.

Die Bongs der Reihe sind rund 30 cm hoch und in mehreren Farbausführungen erhältlich. Gefertigt sind sie aus Borosilikatglas.",Thug Life Bongs der OG Series kaufen | Hanfjack,"Thug Life: Bongs der OG Series aus Borosilikatglas, rund 30 cm, in mehreren Farben. Bei Hanfjack bestellen.",Thug Life
8854,Tightpac,tightpac,3,"Tightpac stellt Vakuumdosen her, bei denen die Luft über den Deckel selbst herausgedrückt wird – ohne Pumpe.

Weniger Sauerstoff bedeutet langsamere Oxidation, entsprechend länger halten Aroma und Farbe. Die Minivac-Dosen gibt es von 0,12 bis 2,35 Litern.",Tightpac Vakuumdosen kaufen | Hanfjack,"Tightpac: Minivac-Vakuumdosen, die die Luft ohne Pumpe herausdrücken – von 0,12 bis 2,35 Litern. Jetzt bei Hanfjack.",Tightpac
1798,Tortuga verde,tortuga-verde,1,"Tortuga verde führt Drehfilter im Slim-Format.

Der Drehmechanismus schiebt den Filter aus der Hülse heraus, sodass er sich ohne Berührung einsetzen lässt. Im Shop steht die 6-mm-Ausführung.",Tortuga verde Drehfilter Slim 6 mm kaufen | Hanfjack,"Tortuga verde: Drehfilter im Slim-Format mit 6 mm, die sich ohne Berührung einsetzen lassen. Bei Hanfjack.",Tortuga verde
2105,TRAFIKA,trafika,2,"TRAFIKA liefert Gartenscheren und Erntezubehör.

Die Scheren mit geraden Klingen sind für den zügigen Schnitt ausgelegt. Daneben führt die Marke zusammengestellte Erntebundles.",TRAFIKA Gartenscheren und Erntebundles kaufen | Hanfjack,TRAFIKA: Gartenscheren mit geraden Klingen und zusammengestellte Erntebundles. Jetzt bei Hanfjack bestellen.,TRAFIKA
16467,Trimpro,trimpro,43,"Trimpro ist ein kanadischer Hersteller von Trimmmaschinen und im Shop mit dem gesamten Programm samt Ersatzteilen vertreten.

Die Geräte decken unterschiedliche Arbeitsweisen ab: Drypro für trockenes Trimmen, die Automatik-Reihe für den durchgehenden Betrieb, Unplugged für den Einsatz ohne Stromanschluss und der Bucker zum Abtrennen der Blüten vom Stiel.",Trimpro Trimmmaschinen und Ersatzteile kaufen | Hanfjack,"Trimpro: Trimmmaschinen für trocken und nass, Bucker und Ersatzteile aus Kanada. Jetzt bei Hanfjack bestellen.",Trimpro
16506,Tumble Trimmer,tumble-trimmer,3,"Tumble Trimmer baut Erntemaschinen, die nach dem Trommelprinzip arbeiten.

Das Material rotiert in einer Trommel, während ein gespannter Schneidedraht die Blätter abnimmt. Der Draht ist das Verschleißteil und als Ersatz erhältlich, ebenso das Schneidemesser.",Tumble Trimmer Erntemaschine und Ersatzteile kaufen | Hanfjack,"Tumble Trimmer: Trommel-Erntemaschine mit ø 43 cm, dazu Ersatzdraht und Schneidemesser. Bei Hanfjack.",Tumble Trimmer
16465,Twister,twister,54,"Twister baut Erntemaschinen für den professionellen Einsatz und deckt damit den oberen Leistungsbereich im Shop ab.

Die Maschinen der T-Reihe trimmen nass wie trocken, dazu kommt der Cure Puck für die Nachreife. Neben den Geräten selbst führt der Shop die passenden Ersatzteile – Tumbler, Manschetten, Bürsten und Kleinteile –, weil diese Maschinen auf jahrelangen Betrieb ausgelegt sind.",Twister Erntemaschinen und Ersatzteile kaufen | Hanfjack,"Twister: professionelle Trimmmaschinen für nass und trocken, Cure Puck und Ersatzteile. Jetzt bei Hanfjack bestellen.",Twister
7511,UGro,ugro,1,"UGro stellt Substrate aus Kokosfasern her.

Die Kokosblöcke sind gepresst und quellen mit Wasser auf ihr Endvolumen auf. Im Shop steht Coco Small Basic mit 11 Litern.",UGro Kokossubstrat kaufen | Hanfjack,"UGro: gepresste Kokosblöcke, die mit Wasser aufquellen – Coco Small Basic mit 11 Litern. Bei Hanfjack.",UGro
14167,Umami Seeds,umami-seeds,12,"Umami Seeds ist eine US-Samenbank mit feminisierten Linien aus dem Zoda- und Zeltzer-Umfeld.

Im Programm stehen Sorten wie Liquid Lime, Melt Mode, Sour Zoda und Zoda BX1 – das Kürzel BX1 steht für die erste Rückkreuzung auf einen Elternteil.",Umami Seeds Hanfsamen kaufen | Hanfjack,"Umami Seeds: feminisierte US-Linien wie Liquid Lime, Sour Zoda und Zoda BX1. Jetzt bei Hanfjack bestellen.",Umami Seeds
16519,VitaLink,vitalink,12,"VitaLink ist eine Düngermarke mit Linien für Erde, Kokos und Systeme ohne Substrat.

Ergänzt werden die Grunddünger durch Zusätze für einzelne Phasen: RootStim für die Bewurzelung, Turbo+ als Blühbeschleuniger, Buddy und Chill für die Blüte. Die Mittel gibt es von 250 ml bis zum 10-Liter-Kanister.",VitaLink Dünger und Zusätze kaufen | Hanfjack,"VitaLink: Grunddünger für Erde, Kokos und Hydro plus RootStim und Turbo+. Jetzt bei Hanfjack bestellen.",VitaLink
16520,Vitaponix,vitaponix,10,"Vitaponix umfasst Pflanzenhilfsmittel, die einzelne Phasen des Anbaus unterstützen.

Im Sortiment stehen VitaRoot für die Bewurzelung, VitaCal als Calcium- und Magnesium-Ergänzung und VitaFinish für die Schlussphase. Die Mittel gibt es in Gebinden von 1 und 5 Litern. Weitergehende Herstellerangaben liegen uns zu dieser Marke nicht in belegbarer Form vor.",Vitaponix Pflanzenhilfsmittel kaufen | Hanfjack,"Vitaponix: VitaRoot, VitaCal und VitaFinish als Pflanzenhilfsmittel in 1 und 5 Litern. Jetzt bei Hanfjack bestellen.",Vitaponix
6047,White Elephant,white-elephant,1,"White Elephant führt Reinigungszubehör für Pfeifen und Glas.

Die Bristle Pipe Cleaner sind Pfeifenreiniger mit eingearbeiteten Borsten, die Rückstände aus engen Kanälen holen, wo ein Tuch nicht hinkommt.",White Elephant Pfeifenreiniger kaufen | Hanfjack,White Elephant: Bristle Pipe Cleaner mit Borsten für Rückstände in engen Kanälen. Jetzt bei Hanfjack.,White Elephant
12718,WilTec,wiltec,2,"WilTec ist ein deutscher Händler für Technik; im Shop stehen Tauchpumpen aus diesem Programm.

Die Pumpen fördern 800 und 2500 Liter pro Stunde und werden für Bewässerungssysteme und das Umwälzen von Nährlösung eingesetzt.",WilTec Tauchpumpen kaufen | Hanfjack,WilTec: Tauchpumpen mit 800 und 2500 l/h für Bewässerung und das Umwälzen von Nährlösung. Bei Hanfjack.,WilTec
4726,Wizard Trees,wizard-trees,32,"Wizard Trees ist eine US-Samenbank und arbeitet überwiegend mit Zangria und Tea Time als Elternlinien.

Daraus entstehen feminisierte Hybriden mit Profilen zwischen süßen Beerennoten, Karamell und Gas. Die Sorten kommen in Dreierpackungen; einzelne Linien bündelt der Züchter zusätzlich in Bundles.",Wizard Trees Hanfsamen kaufen | Hanfjack,"Wizard Trees: feminisierte US-Hybriden aus Zangria- und Tea-Time-Linien, 3 Samen je Packung. Jetzt bei Hanfjack.",Wizard Trees
5422,Zippo,zippo,43,"Zippo stellt seit 1932 in Bradford, Pennsylvania, nachfüllbare Sturmfeuerzeuge her und gibt auf das Gehäuse eine lebenslange Garantie.

Im Shop steht das komplette System: Feuerzeuge in schlichten Oberflächen und mit Motiven, dazu Benzin, Feuersteine, Dochte, Watte und Filzplatten. Wer lieber Gas verwendet, findet Butaneinsätze mit gelber Flamme oder Doppelflamme, die sich im vorhandenen Gehäuse gegen den Benzineinsatz tauschen lassen.","Zippo Feuerzeuge, Benzin und Ersatzteile kaufen | Hanfjack","Zippo: nachfüllbare Sturmfeuerzeuge seit 1932, dazu Benzin, Feuersteine, Dochte und Butaneinsätze. Jetzt bei Hanfjack.",Zippo
