"Artikelnummer";"EAN/Barcode";"Std. VK Brutto";"Wawi Staffel 1: Endkunden ab Menge";"Wawi Staffel 1: Endkunden Brutto";"Wawi Staffel 2: Endkunden ab Menge";"Wawi Staffel 2: Endkunden Brutto";"Webshop Brutto";"Shop bloomtech.de Staffel 1: Endkunden ab Menge";"Shop bloomtech.de Staffel 1: Endkunden Brutto";"Shop bloomtech.de Staffel 2: Endkunden ab Menge";"Shop bloomtech.de Staffel 2: Endkunden Brutto";"Verkaufskanal [bloomtech.de]: Endkunden Brutto ohne Rabatt";
"17443";;"2,90";;;;;"2,90";;;;;"2,90";
"17234";;"4,19";;;;;"4,19";;;;;"4,19";
"10001";"8717524951412";"10,90";;;;;"10,35";;;;;"10,90";
"11023";"4260617970257";"6,90";;;;;"6,90";;;;;"6,90";
"11042";"4260617970608";"10,90";;;;;"10,90";;;;;"10,90";
"11052";"4260617970240";"5,90";;;;;"3,00";;;;;"5,90";
"11055";"4260617971001";"5,90";;;;;"5,90";;;;;"5,90";
"11056";"4260617971018";"7,50";;;;;"7,50";;;;;"7,50";
"11071";"4260617972978";"2,90";"10";"2,50";;;"2,90";;;;;"2,90";
"11072";"4260617972985";"3,90";"10";"3,50";;;"3,90";;;;;"3,90";
"11073";"8717662940422";"52,90";;;;;"50,25";;;;;"52,90";
"11075";"8717662940439";"22,90";;;;;"21,76";;;;;"22,90";
"11081";"3760172780663";"34,90";;;;;"34,90";;;;;"34,90";
"11091";"5702315080054";"0,20";"2250";"0,18";;;"0,20";;;;;"0,20";
"11092";"8436554761142";"22,90";;;;;"22,90";;;;;"22,90";
"11093";"8717524951801";"13,90";;;;;"13,20";;;;;"13,90";
"11094";"4260617973623";"0,90";"216";"0,60";;;"0,90";;;;;"0,90";
"11098";"5031670001665";"9,90";;;;;"9,90";;;;;"9,90";
"10011";"753321686452";"14,90";;;;;"14,15";;;;;"14,90";
"11101";"4260617971094";"2,90";;;;;"2,90";;;;;"2,90";
"11102";"4260617971582";"1,90";;;;;"1,90";;;;;"1,90";
"11104";"8717524952136";"14,90";;;;;"14,15";;;;;"14,90";
"11105";;"15,90";;;;;"15,11";;;;;"15,90";
"11106";;"15,90";;;;;"15,11";;;;;"15,90";
"10111";"4260617970691";"2,50";;;;;"2,50";;;;;"2,50";
"11112";;"44,90";;;;;"42,66";;;;;"44,90";
"11115";"8594171431401";"99,90";;;;;"99,90";;;;;"99,90";
"10112";"4260617970202";"3,90";;;;;"2,00";;;;;"3,90";
"11121";"3760172780175";"44,90";;;;;"44,90";;;;;"44,90";
"11122";"3760172780038";"34,90";;;;;"34,90";;;;;"34,90";
"11123";"3760172780243";"34,90";;;;;"34,90";;;;;"34,90";
"11130";"8718924650172";"36,90";;;;;"36,90";;;;;"36,90";
"11133";"8718924650462";"32,90";;;;;"32,90";;;;;"32,90";
"11134";"8718924650059";"99,90";;;;;"99,90";;;;;"99,90";
"11135";"8718924650233";"27,90";;;;;"27,90";;;;;"27,90";
"11136";"8718924650523";"49,90";;;;;"49,90";;;;;"49,90";
"11139";"8717524951429";"37,90";;;;;"36,01";;;;;"37,90";
"10114";"4260617970226";"4,90";;;;;"2,00";;;;;"4,90";
"11141";"8718924650684";"59,90";;;;;"59,90";;;;;"59,90";
"11144";"753321685769";"32,90";;;;;"31,25";;;;;"32,90";
"11145";"753321685790";"14,90";;;;;"14,15";;;;;"14,90";
"10115";"4260617970974";"2,90";;;;;"2,90";;;;;"2,90";
"11150";"4008321240620";"24,90";;;;;"12,90";;;;;"24,90";
"10116";"4260617970981";"3,90";;;;;"3,90";;;;;"3,90";
"11161";"4260011570466";"9,90";;;;;"9,90";;;;;"9,90";
"11164";"4260617970721";"0,19";"20";"0,17";"100";"0,15";"0,19";;;;;"0,19";
"11166";;"16,90";;;;;"16,05";;;;;"16,90";
"10117";"4260617970998";"4,90";;;;;"4,90";;;;;"4,90";
"11174";"8717524951818";"55,90";;;;;"53,11";;;;;"55,90";
"11178";"4040849939754";"3,90";;;;;"3,90";;;;;"3,90";
"10118";"4260617970561";"6,90";;;;;"6,90";;;;;"6,90";
"11180";"8718924650189";"59,90";;;;;"59,90";;;;;"59,90";
"11181";"8718924650196";"119,90";;;;;"119,90";;;;;"119,90";
"11182";"8718924650110";"33,90";;;;;"33,90";;;;;"33,90";
"11183";"8718924650042";"59,90";;;;;"59,90";;;;;"59,90";
"11184";"8718924650066";"169,90";;;;;"169,90";;;;;"169,90";
"11188";"8718924650127";"55,90";;;;;"55,90";;;;;"55,90";
"11189";"7141148331700";"219,90";;;;;"219,90";;;;;"219,90";
"10119";"4260617970578";"7,90";;;;;"7,90";;;;;"7,90";
"11194";"4260617970738";"0,20";"100";"0,16";"1260";"0,12";"0,20";;;;;"0,20";
"11199";"4260617973302";"1,90";"100";"0,99";;;"1,90";;;;;"1,90";
"10120";"4260617970585";"8,90";;;;;"8,90";;;;;"8,90";
"11203";"4260617971032";"19,90";;;;;"19,90";;;;;"19,90";
"11204";"4260617971049";"22,90";;;;;"22,90";;;;;"22,90";
"11205";"4260617971056";"29,90";;;;;"29,90";;;;;"29,90";
"11206";"4260617971063";"32,90";;;;;"32,90";;;;;"32,90";
"11207";"4260617971070";"39,90";;;;;"39,90";;;;;"39,90";
"11216";;"49,90";;;;;"47,41";;;;;"49,90";
"11219";"7081257762999";"13,90";;;;;"13,20";;;;;"13,90";
"11235";"8718836157615";"44,90";;;;;"44,90";;;;;"44,90";
"11236";"8718836157639";"44,90";;;;;"44,90";;;;;"44,90";
"11237";"8718836157646";"49,90";;;;;"49,90";;;;;"49,90";
"11246";"4260617970639";"13,90";;;;;"13,90";;;;;"13,90";
"11247";"4260617970622";"12,90";;;;;"12,90";;;;;"12,90";
"11249";"642070779082";"0,40";;;;;"0,40";;;;;"0,40";
"11268";"4260617971964";"0,60";;;;;"0,60";;;;;"0,60";
"11278";"4260617970653";"17,90";;;;;"17,90";;;;;"17,90";
"11292";"8717662940224";"33,90";;;;;"32,21";;;;;"33,90";
"11309";"8717524951900";"129,90";;;;;"123,41";;;;;"129,90";
"11316";"8718924650264";"11,90";;;;;"11,90";;;;;"11,90";
"11318";;"84,90";;;;;"80,66";;;;;"84,90";
"11319";"8718924650097";"9,90";;;;;"9,90";;;;;"9,90";
"11320";"8717524951832";"7,90";;;;;"7,50";;;;;"7,90";
"11322";"8718924650028";"17,90";;;;;"17,90";;;;;"17,90";
"11332";"8717524950224";"219,90";;;;;"208,91";;;;;"219,90";
"11334";"753321685776";"114,90";;;;;"109,16";;;;;"114,90";
"11353";"4260617972992";"4,90";"10";"4,50";;;"4,90";;;;;"4,90";
"11356";"8717524951917";"8,90";;;;;"8,46";;;;;"8,90";
"11357";"8717524952143";"44,90";;;;;"42,66";;;;;"44,90";
"11358";"753321685783";"219,90";;;;;"208,91";;;;;"219,90";
"11360";"8718836157653";"59,90";;;;;"59,90";;;;;"59,90";
"11366";"4040849513459";"3,90";;;;;"3,90";;;;;"3,90";
"11367";"8435405300875";"9,90";;;;;"9,90";;;;;"9,90";
"11371";"8717524958978";"17,90";;;;;"20,90";;;;;"20,90";
"11378";"4260617971759";"0,15";;;;;"0,15";;;;;"0,15";
"11379";"4260617972961";"2,90";"10";"2,50";;;"2,90";;;;;"2,90";
"11380";"4260617973005";"6,90";"10";"5,90";;;"6,90";;;;;"6,90";
"11382";;"0,10";"10";"0,08";"100";"0,06";"0,10";;;;;"0,10";
"11403";"4260617970851";"19,90";"20";"18,90";;;"19,90";;;;;"19,90";
"11405";"4014162614056";"2,90";;;;;"1,90";;;;;"2,90";
"11408";"5034517504701";"9,90";;;;;"9,90";;;;;"9,90";
"11415";"3760172781332";"3,90";;;;;"3,90";;;;;"3,90";
"11417";"8717524959913";"19,90";;;;;"24,90";;;;;"24,90";
"11438";"8717524957780";"19,90";;;;;"23,90";;;;;"23,90";
"11440";"9421024920012";"109,90";;;;;"109,90";;;;;"109,90";
"11492";"4260011570404";"9,90";;;;;"9,90";;;;;"9,90";
"11502";"3760172781387";"4,90";;;;;"4,90";;;;;"4,90";
"11505";"7081256717464";"13,90";;;;;"9,90";;;;;"13,90";
"11506";"7081256992946";"13,90";;;;;"9,90";;;;;"13,90";
"11507";"7081266737292";"11,90";;;;;"11,31";;;;;"11,90";
"11509";;"16,90";;;;;"16,05";;;;;"16,90";
"11521";"8717524952457";"15,90";;;;;"15,10";;;;;"15,90";
"11568";"8718924650561";"10,90";;;;;"10,90";;;;;"10,90";
"11609";"642070782549";"14,90";;;;;"14,90";;;;;"14,90";
"11610";"5031670002020";"12,90";;;;;"12,90";;;;;"12,90";
"11612";"4260617971681";"6,90";;;;;"6,90";;;;;"6,90";
"11618";"753321685806";"21,90";;;;;"20,80";;;;;"21,90";
"11619";"8717524957117";"39,90";;;;;"37,90";;;;;"39,90";
"11640";"3760172780090";"14,90";;;;;"14,90";;;;;"14,90";
"11660";"8718924650288";"36,90";;;;;"36,90";;;;;"36,90";
"11678";"8718924650301";"149,90";;;;;"109,90";;;;;"149,90";
"11685";;"52,90";;;;;"50,25";;;;;"52,90";
"11686";;"52,90";;;;;"50,25";;;;;"52,90";
"11691";"3760172780106";"44,90";;;;;"44,90";;;;;"44,90";
"11694";"4260617973012";"7,90";"10";"6,90";;;"7,90";;;;;"7,90";
"10174";"4050300024417";"24,90";;;;;"9,90";;;;;"24,90";
"10175";"4050300281179";"27,90";;;;;"27,90";;;;;"27,90";
"11764";"3760172784180";"13,90";;;;;"10,90";;;;;"13,90";
"11765";"3760172784227";"14,90";;;;;"14,90";;;;;"14,90";
"11774";"4260617970806";"2,20";"10";"2,00";"100";"1,90";"2,20";;;;;"2,20";
"11778";;"29,90";;;;;"29,90";;;;;"29,90";
"11787";"3760172780892";"79,90";;;;;"79,90";;;;;"79,90";
"11792";"9421024920043";"79,90";;;;;"79,90";;;;;"79,90";
"11806";"8717524957841";"17,90";;;;;"21,90";;;;;"21,90";
"11807";"5060193562995";"0,60";"105";"0,50";;;"0,60";;;;;"0,60";
"11811";"4260617970134";"5,90";;;;;"5,90";;;;;"5,90";
"11812";"4260617973319";"0,90";;;;;"0,90";;;;;"0,90";
"11813";"8718924650585";"34,90";;;;;"34,90";;;;;"34,90";
"11817";"4400008145011";"14,90";;;;;"14,90";;;;;"14,90";
"11832";"3760172784234";"23,90";;;;;"23,90";;;;;"23,90";
"11833";"3760172784197";"23,90";;;;;"23,90";;;;;"23,90";
"11837";"4005240003183";"5,90";;;;;"5,90";;;;;"5,90";
"11839";;"89,90";;;;;"85,41";;;;;"89,90";
"11840";"8717524952150";"69,90";;;;;"66,41";;;;;"69,90";
"11841";;"49,90";;;;;"47,41";;;;;"49,90";
"11846";"8594171431456";"119,90";;;;;"119,90";;;;;"119,90";
"11848";"5060193558400";"129,90";;;;;"129,90";;;;;"129,90";
"11849";"5060193558318";"119,90";;;;;"119,90";;;;;"119,90";
"11853";"4003636062226";"0,17";"100";"0,13";;;"0,17";;;;;"0,17";
"11855";"4260011570442";"7,90";;;;;"7,90";;;;;"7,90";
"11864";"4260617970837";"3,90";"10";"3,60";"100";"3,40";"3,90";;;;;"3,90";
"11877";"8720256759607";"29,90";;;;;"29,90";;;;;"29,90";
"11886";"642070782532";"0,80";;;;;"0,80";;;;;"0,80";
"11926";"8717524950125";"14,90";;;;;"14,15";;;;;"14,90";
"11930";;"94,90";;;;;"90,16";;;;;"94,90";
"11931";;"94,90";;;;;"90,16";;;;;"94,90";
"11937";"8718924650578";"14,90";;;;;"14,90";;;;;"14,90";
"11938";"8718924650240";"46,90";;;;;"46,90";;;;;"46,90";
"11947";"9002683032102";"3,90";;;;;"3,90";;;;;"3,90";
"11977";"4014162604217";"31,90";;;;;"31,90";;;;;"31,90";
"12014";"3760172781059";"13,90";;;;;"13,90";;;;;"13,90";
"12015";"3760172781066";"16,90";;;;;"16,90";;;;;"16,90";
"12016";"3760172780991";"12,90";;;;;"12,90";;;;;"12,90";
"12017";"3760172781004";"18,90";;;;;"18,90";;;;;"18,90";
"12019";"642070775411";"4,90";;;;;"4,90";;;;;"4,90";
"12020";"8435405309878";"4,90";;;;;"4,90";;;;;"4,90";
"12021";"8435405309885";"7,90";;;;;"7,90";;;;;"7,90";
"10204";"4260617970301";"8,90";;;;;"8,90";;;;;"8,90";
"12075";"4260617971087";"42,90";;;;;"42,90";;;;;"42,90";
"12076";"4260617970646";"17,90";;;;;"17,90";;;;;"17,90";
"12080";"4260617971407";"2,90";;;;;"2,90";;;;;"2,90";
"12085";"4260617971698";"6,90";;;;;"6,90";;;;;"6,90";
"12086";"4260617971025";"8,90";;;;;"8,90";;;;;"8,90";
"12090";"8718924650608";"109,90";;;;;"109,90";;;;;"109,90";
"12094";"4014162604224";"31,90";;;;;"31,90";;;;;"31,90";
"12100";"8436554760909";"9,90";;;;;"9,90";;;;;"9,90";
"12101";"8718924650592";"64,90";;;;;"64,90";;;;;"64,90";
"12105";"624493941345";"12,90";;;;;"12,90";;;;;"12,90";
"12106";"624493922023";"19,90";;;;;"19,90";;;;;"19,90";
"12108";"624493911423";"9,90";;;;;"9,90";;;;;"9,90";
"12113";"624493911447";"9,90";;;;;"9,90";;;;;"9,90";
"12116";"624493941321";"12,90";;;;;"12,90";;;;;"12,90";
"12118";;"89,90";;;;;"85,41";;;;;"89,90";
"12131";"624493920623";"13,90";;;;;"13,90";;;;;"13,90";
"12152";"624493922047";"19,90";;;;;"19,90";;;;;"19,90";
"12160";"8717524950118";"16,90";;;;;"12,90";;;;;"16,90";
"12161";"624493920647";"13,90";;;;;"13,90";;;;;"13,90";
"12196";"3760172781370";"55,90";;;;;"55,90";;;;;"55,90";
"12198";"642070779105";"9,90";;;;;"9,90";;;;;"9,90";
"12218";"4260617971605";"2,30";;;;;"2,30";;;;;"2,30";
"12225";"806810031834";"6,90";"5";"5,90";;;"6,90";;;;;"6,90";
"12235";"3870000165781";"6,90";"5";"5,90";;;"6,90";;;;;"6,90";
"12258";;"2,90";;;;;"2,90";;;;;"2,90";
"12262";"3760172782308";"22,90";;;;;"22,90";;;;;"22,90";
"12263";"8717662000843";"11,90";"10";"10,90";;;"11,90";;;;;"11,90";
"12264";"8717662000874";"11,90";"10";"10,90";;;"11,90";;;;;"11,90";
"12265";"8717662001208";"7,90";;;;;"7,90";;;;;"7,90";
"10228";"4260617971766";"0,90";;;;;"0,90";;;;;"0,90";
"12282";"7141148332349";"49,90";;;;;"49,90";;;;;"49,90";
"12288";"3760172784258";"69,90";;;;;"69,90";;;;;"69,90";
"12300";"4260617971131";"0,50";;;;;"0,50";;;;;"0,50";
"12304";"3760172784203";"69,90";;;;;"69,90";;;;;"69,90";
"12316";;"34,90";;;;;"34,90";;;;;"34,90";
"12318";"4260520751837";"3,00";;;;;"3,00";;;;;"3,00";
"12319";"8718104121539";"6,90";;;;;"6,90";;;;;"6,90";
"12320";"3760172781820";"12,90";;;;;"12,90";;;;;"12,90";
"12321";"4260520751844";"5,00";;;;;"5,00";;;;;"5,00";
"12348";;"54,90";;;;;"54,90";;;;;"54,90";
"12357";;"47,90";;;;;"47,90";;;;;"47,90";
"12363";;"45,90";;;;;"45,90";;;;;"45,90";
"12365";"624493912024";"29,90";;;;;"29,90";;;;;"29,90";
"10238";"4260617973685";"14,90";"18";"11,90";;;"14,90";;;;;"14,90";
"12384";"4260617971773";"1,20";;;;;"1,20";;;;;"1,20";
"12386";"4008321677846";"29,90";;;;;"19,90";;;;;"29,90";
"12389";"4260617979991";"7,90";;;;;"7,90";;;;;"7,90";
"12396";"9783037882634";"52,50";;;;;"52,50";;;;;"52,50";
"12399";"4260617971834";"12,90";;;;;"12,90";;;;;"12,90";
"12406";"8717524950156";"11,90";;;;;"11,31";;;;;"11,90";
"10241";"4260617973661";"0,50";"384";"0,40";;;"0,50";;;;;"0,50";
"12411";"8718403231212";"39,90";;;;;"35,91";;;;;"39,90";
"12413";"8718403231151";"44,90";;;;;"40,41";;;;;"44,90";
"12414";"8718403231427";"14,90";;;;;"13,41";;;;;"14,90";
"12415";"8718403231441";"109,90";;;;;"98,91";;;;;"109,90";
"12416";"8718403231922";"69,90";;;;;"62,91";;;;;"69,90";
"12420";"8718403231298";"10,90";;;;;"9,81";;;;;"10,90";
"12421";"8718403231540";"34,90";;;;;"31,41";;;;;"34,90";
"12422";"8718403231960";"39,90";;;;;"35,91";;;;;"39,90";
"12423";"8718403231526";"49,90";;;;;"44,91";;;;;"49,90";
"12450";"8718924650653";"27,90";;;;;"27,90";;;;;"27,90";
"12452";"8718924650639";"11,90";;;;;"11,90";;;;;"11,90";
"12453";"8718924650646";"14,90";;;;;"14,90";;;;;"14,90";
"12454";"8718924650660";"49,90";;;;;"49,90";;;;;"49,90";
"12459";"8717524957148";"14,90";;;;;"14,15";;;;;"14,90";
"12462";"5060151873170";"24,90";;;;;"24,90";;;;;"24,90";
"12472";"8718924650677";"89,90";;;;;"89,90";;;;;"89,90";
"12519";;"56,90";;;;;"56,90";;;;;"56,90";
"12520";"8718819990628";"79,90";;;;;"79,90";;;;;"79,90";
"12532";"4260617970752";"0,75";"50";"0,65";;;"0,75";;;;;"0,75";
"12533";"8718819992790";"69,90";;;;;"69,90";;;;;"69,90";
"12534";"8718819992714";"89,90";;;;;"89,90";;;;;"89,90";
"12535";"8718819992660";"119,90";;;;;"119,90";;;;;"119,90";
"12536";"8718819992653";"119,90";;;;;"119,90";;;;;"119,90";
"12537";"8718819992561";"149,90";;;;;"149,90";;;;;"149,90";
"12538";"8718819992448";"189,90";;;;;"189,90";;;;;"189,90";
"12539";"8718819992158";"299,90";;;;;"299,90";;;;;"299,90";
"12553";"4004282401032";"3,90";;;;;"3,90";;;;;"3,90";
"12603";"9120069233728";"22,90";;;;;"22,90";;;;;"22,90";
"12604";"9120069233605";"24,90";;;;;"24,90";;;;;"24,90";
"10261";"4260617971711";"34,90";;;;;"34,90";;;;;"34,90";
"12613";"4260617971827";"13,90";;;;;"13,90";;;;;"13,90";
"12619";"8718836152009";"79,90";;;;;"79,90";;;;;"79,90";
"12621";"8718836152085";"99,90";;;;;"99,90";;;;;"99,90";
"12631";"8717524957155";"49,90";;;;;"24,90";;;;;"49,90";
"12636";"8718104120679";"12,90";;;;;"17,90";;;;;"17,90";
"10264";"4260617971162";"1,90";"20";"1,50";;;"1,90";;;;;"1,90";
"12649";"8718104121607";"23,90";;;;;"21,51";;;;;"23,90";
"10265";"4260617971179";"3,90";"20";"3,50";;;"3,90";;;;;"3,90";
"12650";"8720188049685";"44,90";;;;;"40,41";;;;;"44,90";
"12651";"8718104122239";"15,90";;;;;"14,31";;;;;"15,90";
"12652";"8720188049418";"16,90";;;;;"15,21";;;;;"16,90";
"12654";"8718104121751";"9,90";;;;;"8,91";;;;;"9,90";
"12659";"8720188008644";"72,90";;;;;"65,61";;;;;"72,90";
"12660";"8720188049708";"109,90";;;;;"98,91";;;;;"109,90";
"12663";"4260617972916";"0,40";"10";"0,20";"110";"0,20";"0,20";;;;;"0,40";
"12664";"4260617972923";"0,50";"10";"0,45";"120";"0,40";"0,50";;;;;"0,50";
"12666";"4260617972947";"1,20";"10";"1,10";"60";"0,95";"1,20";;;;;"1,20";
"12668";"3701084300150";"26,90";;;;;"17,90";;;;;"26,90";
"12692";"8719717740025";"29,90";;;;;"29,90";;;;;"29,90";
"12693";"642070773448";"69,90";;;;;"69,90";;;;;"69,90";
"12701";"4260617970707";"26,90";;;;;"26,90";;;;;"26,90";
"12702";;"53,90";;;;;"53,90";;;;;"53,90";
"12705";"8718836152023";"79,90";;;;;"49,90";;;;;"79,90";
"12706";"8718836152108";"109,90";;;;;"79,90";;;;;"109,90";
"12711";"8717662941085";"409,90";;;;;"389,40";;;;;"409,90";
"12712";"3760172781219";"14,90";;;;;"14,90";;;;;"14,90";
"12714";"3701084300143";"25,90";;;;;"19,90";;;;;"25,90";
"12719";"4260617973050";"12,90";;;;;"12,90";;;;;"12,90";
"12721";"4260617973074";"19,90";;;;;"14,90";;;;;"19,90";
"12732";;"599,90";;;;;"599,90";;;;;"599,90";
"12734";"8720188049715";"399,90";;;;;"359,91";;;;;"399,90";
"12735";"8718104122932";"239,90";;;;;"215,91";;;;;"239,90";
"10276";"8785278524657";"1,90";;;;;"1,90";;;;;"1,90";
"10277";"8785278524671";"1,90";;;;;"1,90";;;;;"1,90";
"10278";"4260617971360";"0,40";;;;;"0,40";;;;;"0,40";
"10280";"8714348222445";"2,90";;;;;"2,90";;;;;"2,90";
"10281";"642070775398";"3,90";;;;;"3,90";;;;;"3,90";
"10282";"4250026802362";"2,90";;;;;"2,90";;;;;"2,90";
"10395";"8718924650271";"28,90";;;;;"28,90";;;;;"28,90";
"10004";"8717524951382";"10,90";;;;;"10,35";;;;;"10,90";
"10040";"8717524951887";"16,90";;;;;"16,05";;;;;"16,90";
"10041";"8717524957070";"9,90";;;;;"9,40";;;;;"9,90";
"10442";"8785278524664";"1,90";;;;;"1,90";;;;;"1,90";
"10493";"8718924650035";"32,90";;;;;"32,90";;;;;"32,90";
"10494";"8718924651100";"12,90";;;;;"12,90";;;;;"12,90";
"10495";"8718924650165";"11,90";;;;;"11,90";;;;;"11,90";
"10532";"8718924650455";"11,90";;;;;"11,90";;;;;"11,90";
"10551";"8718924650226";"10,90";;;;;"10,90";;;;;"10,90";
"10560";"3760172780656";"10,90";;;;;"10,90";;;;;"10,90";
"10591";"4260617970868";"6,90";;;;;"6,90";;;;;"6,90";
"10605";"8718403231175";"10,90";;;;;"9,81";;;;;"10,90";
"10612";"4260617970684";"1,50";;;;;"1,50";;;;;"1,50";
"10628";"4050300620084";"29,90";;;;;"19,90";;;;;"29,90";
"10630";"4260617971520";"0,12";"100";"0,11";"1000";"0,10";"0,12";;;;;"0,12";
"10632";"8718403231830";"13,90";;;;;"12,51";;;;;"13,90";
"10634";"8717524952440";"62,90";;;;;"59,76";;;;;"62,90";
"10635";"4260520751073";"2,25";"10";"1,90";"100";"1,60";"2,25";;;;;"2,25";
"10636";"8717524952464";"62,90";;;;;"59,76";;;;;"62,90";
"10064";"4005240003220";"7,90";;;;;"7,90";;;;;"7,90";
"10648";"8718924650516";"13,90";;;;;"13,90";;;;;"13,90";
"10665";"4260617970745";"0,35";;;;;"0,35";;;;;"0,35";
"10684";"8717524951405";"69,90";;;;;"66,41";;;;;"69,90";
"10696";"8717524952471";"43,90";;;;;"41,70";;;;;"43,90";
"10712";"4260617970783";"1,45";"10";"0,69";"100";"0,69";"0,69";;;;;"1,45";
"10739";"8717524951436";"69,90";;;;;"66,41";;;;;"69,90";
"10758";"8785278524633";"1,90";;;;;"1,90";;;;;"1,90";
"10803";"8717524951894";"69,90";;;;;"66,41";;;;;"69,90";
"10804";"8718104121553";"5,90";;;;;"5,90";;;;;"5,90";
"10807";"9002683030009";"62,90";;;;;"55,90";;;;;"62,90";
"10816";"642070779150";"5,90";;;;;"5,90";;;;;"5,90";
"10817";"4260617971599";"1,90";;;;;"1,90";;;;;"1,90";
"10829";"4260617971797";"4,90";;;;;"4,90";;;;;"4,90";
"10840";"8718403231403";"27,90";;;;;"25,11";;;;;"27,90";
"10843";"3760172781349";"14,90";;;;;"14,90";;;;;"14,90";
"10844";"3760172781363";"27,90";;;;;"27,90";;;;;"27,90";
"10845";"8718403231373";"13,90";;;;;"12,51";;;;;"13,90";
"10846";"8718403231359";"42,90";;;;;"38,61";;;;;"42,90";
"10870";"3760172780885";"22,90";;;;;"22,90";;;;;"22,90";
"10871";"3760172780021";"11,90";;;;;"11,90";;;;;"11,90";
"10872";"3760172780236";"10,90";;;;;"10,90";;;;;"10,90";
"10873";"3760172780168";"14,90";;;;;"14,90";;;;;"14,90";
"10878";"642070776166";"4,90";"10";"3,00";;;"3,00";;;;;"4,90";
"10897";"642070779129";"9,90";;;;;"9,90";;;;;"9,90";
"10009";"8717524952433";"15,90";;;;;"15,10";;;;;"15,90";
"10909";"4014162604262";"29,90";;;;;"29,90";;;;;"29,90";
"10916";"8718403231236";"16,90";;;;;"15,21";;;;;"16,90";
"10092";"4260617972367";"1,90";"10";"1,00";;;"1,00";;;;;"1,90";
"10927";"8718403231632";"14,90";;;;;"19,90";;;;;"19,90";
"10093";"642070777385";"2,90";"10";"1,50";;;"2,00";;;;;"2,90";
"10958";"4260520751035";"0,95";"10";"0,80";"100";"0,75";"0,95";;;;;"0,95";
"10975";"8718403231731";"22,90";;;;;"23,90";;;;;"23,90";
"10978";"642070779945";"2,90";;;;;"2,90";;;;;"2,90";
"10983";"8717524951399";"37,90";;;;;"36,01";;;;;"37,90";
"10984";"4260617972060";"6,90";;;;;"6,90";;;;;"6,90";
"10985";"4260617970967";"2,90";;;;;"2,90";;;;;"2,90";
"10986";"4260617971209";"7,90";;;;;"7,90";;;;;"7,90";
"10987";"4260617970233";"4,90";;;;;"2,50";;;;;"4,90";
"10989";"4260617970592";"9,90";;;;;"9,90";;;;;"9,90";
"11315";"4260011574174";"2,90";"10";"2,25";;;"2,90";;;;;"2,90";
"11679";"4260617973647";"4,90";"48";"3,90";;;"4,90";;;;;"4,90";
"12344";"5034517154258";"59,00";;;;;"59,00";;;;;"59,00";
"12498";"8718403231588";"199,90";;;;;"179,91";;;;;"199,90";
"11260";"4260617970349";"99,90";;;;;"99,90";;;;;"99,90";
"11269";"4260617970356";"129,90";;;;;"129,90";;;;;"129,90";
"11310";"4260617970318";"219,90";;;;;"149,90";;;;;"219,90";
"12741";"8718836150289";"399,90";;;;;"399,90";;;;;"399,90";
"12742";"8718836150333";"649,00";;;;;"649,00";;;;;"649,00";
"12646";"8720188049968";"17,90";;;;;"16,11";;;;;"17,90";
"12647";"8720188049975";"25,90";;;;;"23,31";;;;;"25,90";
"12648";"8720188049982";"39,90";;;;;"35,91";;;;;"39,90";
"12653";"8718104121492";"9,90";;;;;"8,91";;;;;"9,90";
"12655";"8718104123182";"12,90";;;;;"11,61";;;;;"12,90";
"12731";"8718104124288";"15,90";;;;;"19,90";;;;;"19,90";
"12746";"8720188050247";"59,90";;;;;"53,91";;;;;"59,90";
"12747";"8718104122925";"59,90";;;;;"53,91";;;;;"59,90";
"12749";"4260220921721";"259,90";;;;;"259,90";;;;;"259,90";
"12750";"4260220921745";"399,90";;;;;"399,90";;;;;"399,90";
"12752";"4260220921714";"229,90";;;;;"229,90";;;;;"229,90";
"11013";"5404020013579";"8,90";;;;;"8,90";;;;;"8,90";
"11270";"4260617970332";"179,90";;;;;"179,90";;;;;"179,90";
"12756";"9120069233896";"239,90";;;;;"239,90";;;;;"239,90";
"12209";;"499,90";;;;;"499,90";;;;;"499,90";
"12212";"3701084300280";"75,90";;;;;"75,90";;;;;"75,90";
"12227";"3701084300341";"139,90";;;;;"99,90";;;;;"139,90";
"12229";"675134008323";"2299,00";;;;;"2299,00";;;;;"2299,00";
"11142";;"12,90";;;;;"12,90";;;;;"12,90";
"12575";;"99,90";;;;;"99,90";;;;;"99,90";
"12574";;"69,90";;;;;"69,90";;;;;"69,90";
"12242";"4260617970912";"159,90";;;;;"159,90";;;;;"159,90";
"12771";"8718657412108";"169,90";;;;;"169,90";;;;;"169,90";
"12817-4";"4260617972176";"8,90";;;;;"8,90";;;;;"8,90";
"12839";"8718836158247";"8,50";;;;;"8,50";;;;;"8,50";
"12860";"4014162605467";"19,90";;;;;"19,90";;;;;"19,90";
"12864";"8718836158230";"6,90";;;;;"6,90";;;;;"6,90";
"12886";"4260617970844";"3,20";"10";"2,90";"100";"2,70";"3,20";;;;;"3,20";
"12901";"8711338304303";"8,90";;;;;"8,90";;;;;"8,90";
"12906";"642070773431";"269,90";;;;;"269,90";;;;;"269,90";
"12907";"4260619880066";"119,90";;;;;"95,92";;;;;"119,90";
"12908";"4260619880073";"32,90";;;;;"26,32";;;;;"32,90";
"12909";"4260619880080";"10,90";;;;;"9,90";;;;;"10,90";
"12910";"4260619880097";"99,90";;;;;"89,90";;;;;"99,90";
"12911";"4260619880158";"27,90";;;;;"22,32";;;;;"27,90";
"12912";"4260619880165";"94,90";;;;;"75,92";;;;;"94,90";
"12913";"4260619880042";"17,90";;;;;"14,32";;;;;"17,90";
"12914";"4260619880059";"64,90";;;;;"51,92";;;;;"64,90";
"12915";"4260619880028";"21,90";;;;;"17,52";;;;;"21,90";
"12916";"4260619880035";"59,90";;;;;"47,92";;;;;"59,90";
"12917";"4260619880004";"44,90";;;;;"39,90";;;;;"44,90";
"11778-1";"4260617971933";"29,90";;;;;"29,90";;;;;"29,90";
"11778-2";"4260617971872";"29,90";;;;;"29,90";;;;;"29,90";
"11778-3";"4260617971926";"29,90";;;;;"29,90";;;;;"29,90";
"11778-4";"4260617971919";"29,90";;;;;"29,90";;;;;"29,90";
"11778-5";"4260617971865";"29,90";;;;;"29,90";;;;;"29,90";
"11778-6";"4260617971902";"29,90";;;;;"29,90";;;;;"29,90";
"11778-7";"4260617971889";"29,90";;;;;"29,90";;;;;"29,90";
"11778-8";"4260617971896";"29,90";;;;;"29,90";;;;;"29,90";
"11382-1";"4260617972183";"0,10";"10";"0,08";"100";"0,06";"0,10";;;;;"0,10";
"11382-2";"4260617972244";"0,10";"10";"0,08";"100";"0,06";"0,10";;;;;"0,10";
"11382-3";"4260617972190";"0,10";"10";"0,08";"100";"0,06";"0,10";;;;;"0,10";
"11382-4";"4260617972206";"0,10";"10";"0,08";"100";"0,06";"0,10";;;;;"0,10";
"11382-5";"4260617972251";"0,10";"10";"0,08";"100";"0,06";"0,10";;;;;"0,10";
"11382-6";"4260617972213";"0,10";"10";"0,08";"100";"0,06";"0,10";;;;;"0,10";
"11382-7";"4260617972237";"0,10";"10";"0,08";"100";"0,06";"0,10";;;;;"0,10";
"11382-8";"4260617972220";"0,10";"10";"0,08";"100";"0,06";"0,10";;;;;"0,10";
"12922";"7061289917383";"379,90";;;;;"379,90";;;;;"379,90";
"12923";"7061287258693";"429,90";;;;;"429,90";;;;;"429,90";
"12924";"7061282969860";"503,70";;;;;"503,70";;;;;"503,70";
"12925";"7061288933186";"529,90";;;;;"529,90";;;;;"529,90";
"12934";"5060151870261";"79,90";;;;;"79,90";;;;;"79,90";
"12935";"8718657412115";"99,90";;;;;"99,90";;;;;"99,90";
"12938";"5060151870384";"1,50";"100";"1,30";;;"1,50";;;;;"1,50";
"12939";"8306730064543";"6,90";;;;;"6,90";;;;;"6,90";
"12940";"5060151870421";"5,90";"10";"5,50";;;"5,90";;;;;"5,90";
"12941";"5060151870445";"4,90";"10";"4,50";;;"4,90";;;;;"4,90";
"12943";"5060151870377";"0,80";"100";"0,70";;;"0,80";;;;;"0,80";
"12945";"5060151870452";"14,90";"25";"13,50";;;"14,90";;;;;"14,90";
"12947";"5060151872258";"16,90";;;;;"16,90";;;;;"16,90";
"12948";"5060151870438";"12,90";;;;;"12,90";;;;;"12,90";
"12951";"4260617971568";"3,90";;;;;"3,90";;;;;"3,90";
"12979";"7061289167726";"679,90";;;;;"679,90";;;;;"679,90";
"12988";"8718836156625";"629,90";;;;;"629,90";;;;;"629,90";
"12989";"8718836156632";"699,90";;;;;"699,90";;;;;"699,90";
"12996";"642070773462";"1199,00";;;;;"1199,00";;;;;"1199,00";
"12997";"642070773516";"479,90";;;;;"399,00";;;;;"479,90";
"12998";"642070773561";"599,90";;;;;"599,90";;;;;"599,90";
"12999";"642070773417";"239,90";;;;;"239,90";;;;;"239,90";
"13000";"642070773288";"239,00";;;;;"239,00";;;;;"239,00";
"13002";"642070774414";"159,90";;;;;"119,00";;;;;"159,90";
"13004-1";"8717729829646";"14,90";;;;;"11,92";;;;;"14,90";
"13004-2";"8717729829653";"39,50";;;;;"31,60";;;;;"39,50";
"13004-3";"8717729829660";"59,90";;;;;"47,92";;;;;"59,90";
"13005-1";"8717729829592";"16,90";;;;;"13,52";;;;;"16,90";
"13005-2";"8717729829608";"39,90";;;;;"31,92";;;;;"39,90";
"13005-3";"8717729829615";"69,50";;;;;"55,60";;;;;"69,50";
"13006-1";"8717729829691";"24,50";;;;;"19,60";;;;;"24,50";
"13006-2";"8717729829707";"59,90";;;;;"47,92";;;;;"59,90";
"13006-3";"8717729829714";"99,90";;;;;"79,92";;;;;"99,90";
"13006-4";"8717729829721";"179,00";;;;;"143,20";;;;;"179,00";
"13019";"8718836158254";"9,90";;;;;"9,90";;;;;"9,90";
"13065-160";"4260617970165";"5,90";;;;;"5,90";;;;;"5,90";
"13065-200";"4260617970172";"6,90";;;;;"6,90";;;;;"6,90";
"13065-250";"4260617970189";"7,90";;;;;"7,90";;;;;"7,90";
"13065-315";"4260617970196";"8,90";;;;;"8,90";;;;;"8,90";
"13071";"4260617971612";"34,00";;;;;"34,00";;;;;"34,00";
"13072";"9783037881972";"21,95";;;;;"21,95";;;;;"21,95";
"13074";"9783037881644";"12,80";;;;;"12,80";;;;;"12,80";
"13324";"642070773165";"279,90";;;;;"279,90";;;;;"279,90";
"13328-250";"7434031796749";"35,90";;;;;"35,90";;;;;"35,90";
"13328-500";"7434031796756";"49,90";;;;;"49,90";;;;;"49,90";
"13342";"8718403231755";"64,90";;;;;"58,41";;;;;"64,90";
"13343";"8718104124035";"47,90";;;;;"43,11";;;;;"47,90";
"13344";"8718104124004";"55,90";;;;;"50,31";;;;;"55,90";
"13345";"8718403232127";"12,90";;;;;"11,61";;;;;"12,90";
"13348";"8718531672253";"18,90";;;;;"18,90";;;;;"18,90";
"13350";"8718403232523";"22,90";;;;;"20,61";;;;;"22,90";
"13351";"8718403232509";"7,90";;;;;"7,11";;;;;"7,90";
"13361";"8718924650332";"10,90";;;;;"10,90";;;;;"10,90";
"13362";"8718924650349";"29,90";;;;;"29,90";;;;;"29,90";
"13363";"8718924650394";"10,90";;;;;"10,90";;;;;"10,90";
"13364";"8718924650400";"27,90";;;;;"27,90";;;;;"27,90";
"13386";"4260619880127";"29,90";;;;;"23,92";;;;;"29,90";
"13390";"7081256839319";"49,90";;;;;"47,41";;;;;"49,90";
"13391";"7081262367240";"49,90";;;;;"47,41";;;;;"49,90";
"13399";"4260619880196";"19,90";;;;;"15,92";;;;;"19,90";
"13402";"4260617971858";"0,10";"20";"0,08";"100";"0,06";"0,10";;;;;"0,10";
"13407";"642070781993";"1,20";"20";"1,10";"160";"0,95";"1,20";;;;;"1,20";
"13425";;"1,00";;;;;"1,00";;;;;"1,00";
"13425-39001";"4260617971278";"1,00";"10";"0,70";;;"1,00";;;;;"1,00";
"13425-39007";"4260617971285";"1,60";"10";"1,20";;;"1,60";;;;;"1,60";
"13425-39008";"4260617972329";"1,90";"10";"1,60";;;"1,90";;;;;"1,90";
"13425-39012";"4260617971230";"2,50";"10";"2,00";;;"2,50";;;;;"2,50";
"13425-39013";"4260617971247";"3,00";"10";"2,50";;;"3,00";;;;;"3,00";
"13425-39015";"4260617971254";"4,00";"10";"3,00";;;"4,00";;;;;"4,00";
"13425-39123";"4260617971261";"12,90";;;;;"12,90";;;;;"12,90";
"13431";"8718836159220";"149,90";;;;;"149,90";;;;;"149,90";
"13461";"8720246571325";"74,95";;;;;"59,96";;;;;"74,95";
"13462";"4260220922018";"129,90";;;;;"99,90";;;;;"129,90";
"13463";"4260220922025";"189,90";;;;;"139,90";;;;;"189,90";
"13464";"4260220922032";"249,90";;;;;"249,90";;;;;"249,90";
"13465";"9120069233810";"289,90";;;;;"289,90";;;;;"289,90";
"13466";"9120069233711";"429,90";;;;;"429,90";;;;;"429,90";
"13467";"852715006453";"1,49";"20";"1,39";"100";"1,29";"1,49";;;;;"1,49";
"13468";"850661003403";"1,90";"20";"1,80";"300";"1,70";"1,90";;;;;"1,90";
"13469";"850661003182";"6,90";"10";"5,90";;;"6,90";;;;;"6,90";
"13470";"852715006187";"29,90";"6";"27,90";;;"29,90";;;;;"29,90";
"13479";"4260011573979";"49,90";;;;;"49,90";;;;;"49,90";
"13480";"4260011573986";"79,90";;;;;"79,90";;;;;"79,90";
"13481";"4260011573993";"89,90";;;;;"89,90";;;;;"89,90";
"13501";"8718819992813";"69,90";;;;;"69,90";;;;;"69,90";
"13502";"4260220922070";"309,90";;;;;"309,90";;;;;"309,90";
"13509";"8718819992899";"31,90";;;;;"31,90";;;;;"31,90";
"13510";"8718819992882";"42,90";;;;;"42,90";;;;;"42,90";
"13511";"8718819992875";"49,90";;;;;"49,90";;;;;"49,90";
"13512";;"36,90";;;;;"36,90";;;;;"36,90";
"13513";;"52,90";;;;;"52,90";;;;;"52,90";
"13514";"8718819990697";"50,90";;;;;"50,90";;;;;"50,90";
"13515";"8718819990680";"53,90";;;;;"53,90";;;;;"53,90";
"13524";"8718924650417";"49,90";;;;;"49,90";;;;;"49,90";
"13545";"4260617971193";"14,90";;;;;"14,90";;;;;"14,90";
"13553";"3760172781837";"29,90";;;;;"29,90";;;;;"29,90";
"13555";"4260617973357";"2,90";;;;;"2,90";;;;;"2,90";
"13556";"4260617973326";"4,90";;;;;"4,90";;;;;"4,90";
"13559";"8717662002298";"13,90";"6";"11,90";;;"13,90";;;;;"13,90";
"13595";;"15,90";;;;;"14,31";;;;;"15,90";
"13629";"4260617970325";"249,90";;;;;"159,90";;;;;"249,90";
"13630";"8436554761159";"29,90";;;;;"29,90";;;;;"29,90";
"13640";"8720188050230";"34,90";;;;;"31,41";;;;;"34,90";
"13641";"8720188050285";"34,90";;;;;"31,41";;;;;"34,90";
"13673";"4056159065427";"65,90";;;;;"65,90";;;;;"65,90";
"13684";"7141148331625";"199,90";;;;;"199,90";;;;;"199,90";
"13697";"4260617970264";"1,90";;;;;"1,90";;;;;"1,90";
"13723";"9120089670015";"17,90";;;;;"13,90";;;;;"17,90";
"13732";"642070773493";"29,90";;;;;"29,90";;;;;"29,90";
"13733";"4260619880257";"29,90";;;;;"23,92";;;;;"29,90";
"13735";"4260617971148";"5,90";"20";"5,50";;;"5,90";;;;;"5,90";
"13736";"4260619880189";"52,90";;;;;"42,32";;;;;"52,90";
"13741";"9120089670039";"44,90";;;;;"33,90";;;;;"44,90";
"13744";"4260617970158";"4,90";;;;;"4,90";;;;;"4,90";
"13745";"4260617970141";"3,90";;;;;"3,90";;;;;"3,90";
"13751";"9120089670022";"29,90";;;;;"19,90";;;;;"29,90";
"13752";"9120089670046";"189,90";;;;;"119,90";;;;;"189,90";
"13757";"9782845941632";"38,90";;;;;"38,90";;;;;"38,90";
"13758";"9421024920036";"309,90";;;;;"309,90";;;;;"309,90";
"13768";"4260617973197";"3,00";;;;;"3,00";;;;;"3,00";
"13769";"4260748410448";"34,90";;;;;"34,90";;;;;"34,90";
"13789";"4260220921608";"27,90";;;;;"27,90";;;;;"27,90";
"13824";"3760172780830";"13,90";;;;;"13,90";;;;;"13,90";
"13855";"8718819992233";"269,90";;;;;"269,90";;;;;"269,90";
"13857";"7061282810261";"739,90";;;;;"739,90";;;;;"739,90";
"13425-39025";"4260617972350";"34,90";;;;;"34,90";;;;;"34,90";
"13887";"3760172783206";"13,90";;;;;"13,90";;;;;"13,90";
"13888";"3760172783213";"39,90";;;;;"39,90";;;;;"39,90";
"13905";"7434031793700";"89,90";;;;;"89,90";;;;;"89,90";
"13918";"4260617970899";"0,60";"20";"0,55";"200";"0,50";"0,60";;;;;"0,60";
"13919";"4260617970905";"0,75";"20";"0,70";"200";"0,65";"0,75";;;;;"0,75";
"13934";"802359000478";"0,99";"20";"0,89";"600";"0,79";"0,99";;;;;"0,99";
"13935";"802359000201";"1,49";"20";"1,39";"300";"1,19";"1,49";;;;;"1,49";
"13936";"802359000430";"5,90";"10";"4,90";;;"5,90";;;;;"5,90";
"13938";"9009538000446";"19,99";;;;;"19,99";;;;;"19,99";
"13939";"9009538000439";"39,90";;;;;"39,90";;;;;"39,90";
"13947";"852715006347";"6,90";"10";"5,90";;;"6,90";;;;;"6,90";
"13948";"802359000218";"5,90";"10";"4,90";;;"5,90";;;;;"5,90";
"13949";"802359000416";"1,49";"20";"1,39";"300";"1,19";"1,49";;;;;"1,49";
"13950";"852715006330";"1,90";"20";"1,80";"300";"1,70";"1,90";;;;;"1,90";
"13951";"852715006262";"29,90";"6";"27,90";;;"29,90";;;;;"29,90";
"13980";"9421024920982";"339,90";;;;;"339,90";;;;;"339,90";
"14017";"4056159078700";"65,90";;;;;"65,90";;;;;"65,90";
"14026";"9421024921187";"9,90";;;;;"9,90";;;;;"9,90";
"14032";"httpsÖ--qrco.de-bfmHYD";"26,90";;;;;"21,52";;;;;"26,90";
"14033";"4260619880226";"49,90";;;;;"39,92";;;;;"49,90";
"14034";"4260619880233";"139,90";;;;;"111,92";;;;;"139,90";
"14037";"4015573735248";"16,90";;;;;"14,36";;;;;"16,90";
"14038";"4015573744547";"2,50";;;;;"2,12";;;;;"2,50";
"14039";"9120069230567";"19,90";"3";"15,21";"10";"14,36";"16,91";;;;;"19,90";
"14040";"4015573761087";"17,90";;;;;"15,21";;;;;"17,90";
"14041";"4015573761100";"19,90";;;;;"16,91";;;;;"19,90";
"14067";"4260617970882";"0,50";"20";"0,45";"200";"0,40";"0,50";;;;;"0,50";
"14069";"032022845208";"99,90";;;;;"99,90";;;;;"99,90";
"14070";"032022845253";"259,90";;;;;"259,90";;;;;"259,90";
"14073";"032022845246";"399,90";;;;;"399,90";;;;;"399,90";
"14081";;"1,00";;;;;"1,00";;;;;"1,00";
"14084";"4260617970028";"3,90";"5";"3,50";;;"3,90";;;;;"3,90";
"14085";"4260617970035";"5,90";"5";"5,20";;;"5,90";;;;;"5,90";
"14086";"4260617970042";"7,90";"5";"7,20";;;"7,90";;;;;"7,90";
"14087";"4260617970059";"11,90";"5";"10,90";;;"11,90";;;;;"11,90";
"14090";"8717729829622";"129,90";;;;;"103,92";;;;;"129,90";
"14091";"8717729829677";"109,90";;;;;"87,92";;;;;"109,90";
"14094";"4056159078717";"65,90";;;;;"65,90";;;;;"65,90";
"14106";"8718836159299";"239,90";;;;;"239,90";;;;;"239,90";
"14121";"5425030260142";"39,90";;;;;"39,90";;;;;"39,90";
"14131";"5034517202140";"79,90";;;;;"39,90";;;;;"79,90";
"14146";"03202284551";"109,90";;;;;"109,90";;;;;"109,90";
"14147";"032022845512";"27,90";;;;;"27,90";;;;;"27,90";
"14150";"3057067080503";"29,90";"2";"27,50";;;"29,90";;;;;"29,90";
"14154";"8720188049425";"69,90";;;;;"62,91";;;;;"69,90";
"14155";"8718104121416";"27,90";;;;;"27,90";;;;;"27,90";
"14156";"8718104121478";"17,90";;;;;"17,90";;;;;"17,90";
"14160";"8720188050056";"25,90";;;;;"23,31";;;;;"25,90";
"14161";"8718104123052";"99,90";;;;;"89,91";;;;;"99,90";
"14164";"4260617972343";"1,00";"20";"0,90";"200";"0,80";"1,00";;;;;"1,00";
"14169";"8436592731077";"599,90";;;;;"599,90";;;;;"599,90";
"14170";"642070773967";"179,90";;;;;"179,90";;;;;"179,90";
"14158";"8718104120624";"19,90";;;;;"23,90";;;;;"23,90";
"14173";"8718403233407";"15,90";;;;;"14,31";;;;;"15,90";
"14176";"5034517200740";"19,90";"20";"15,90";;;"19,90";;;;;"19,90";
"14182";"4260617970127";"2,90";;;;;"2,90";;;;;"2,90";
"14193";"5034517301140";"29,90";;;;;"29,90";;;;;"29,90";
"14199";"4260617973340";"0,59";"100";"0,49";"2000";"0,39";"0,59";;;;;"0,59";
"14217";"8718403233438";"59,90";;;;;"53,91";;;;;"59,90";
"14221";"8456329788259";"14,90";;;;;"14,90";;;;;"14,90";
"14224";"8436592731053";"53,90";;;;;"53,90";;;;;"53,90";
"14231";"4260617970493";"299,00";;;;;"299,00";;;;;"299,00";
"14232";"4260748410066";"15,90";;;;;"15,90";;;;;"15,90";
"14258";"852715006446";"1,49";"20";"1,39";"100";"1,29";"1,49";;;;;"1,49";
"14259";"8718104121423";"19,90";;;;;"24,90";;;;;"24,90";
"14263";"072532000148";"19,90";;;;;"19,90";;;;;"19,90";
"14264";"072532000155";"59,90";;;;;"59,90";;;;;"59,90";
"14266";"8718531714045";"149,90";;;;;"149,90";;;;;"149,90";
"14273";"8719326187136";"39,90";;;;;"39,90";;;;;"39,90";
"14274";"8719326187143";"149,90";;;;;"149,90";;;;;"149,90";
"14275";"4260617974200";"259,90";;;;;"259,90";;;;;"259,90";
"14277";"8719327100400";"32,90";;;;;"32,90";;;;;"32,90";
"14278";"8719327100417";"129,90";;;;;"129,90";;;;;"129,90";
"14287";"8720053702158";"37,90";;;;;"32,21";;;;;"37,90";
"14290";"8720053700482";"35,90";;;;;"30,51";;;;;"35,90";
"14294";"8720053707665";"23,90";;;;;"20,31";;;;;"23,90";
"14295";"8720053707740";"58,90";;;;;"50,06";;;;;"58,90";
"14296";"8720053700420";"109,90";;;;;"93,42";;;;;"109,90";
"14297";"8720053700437";"189,90";;;;;"161,42";;;;;"189,90";
"14298";"8720053700444";"799,90";;;;;"679,92";;;;;"799,90";
"14300";;"13,90";;;;;"11,81";;;;;"13,90";
"14301";;"45,90";;;;;"39,01";;;;;"45,90";
"14302";;"84,90";;;;;"72,16";;;;;"84,90";
"14303";;"169,90";;;;;"144,41";;;;;"169,90";
"14308";"8720053701021";"399,90";;;;;"339,91";;;;;"399,90";
"14309";"8719324554367";"24,90";;;;;"21,16";;;;;"24,90";
"14311";"8718531714397";"499,90";;;;;"499,90";;;;;"499,90";
"14313";"8719324554466";"94,90";;;;;"80,66";;;;;"94,90";
"14333";"4260520751066";"1,55";"10";"1,40";"100";"1,30";"1,55";;;;;"1,55";
"14349";"4260337760282";"29,90";;;;;"29,90";;;;;"29,90";
"14368";"5034517302659";"14,90";;;;;"9,90";;;;;"14,90";
"14380";"753321681907";"15,90";;;;;"15,10";;;;;"15,90";
"14381";"753321681914";"45,90";;;;;"43,60";;;;;"45,90";
"14415";;"79,90";;;;;"59,90";;;;;"79,90";
"14418";"8718104124264";"23,90";;;;;"21,51";;;;;"23,90";
"14419";"8718104124271";"17,90";;;;;"16,11";;;;;"17,90";
"14421";;"559,90";;;;;"559,90";;;;;"559,90";
"14424";"8718104120648";"16,90";;;;;"17,90";;;;;"17,90";
"14427";"8718836159312";"25,90";;;;;"25,90";;;;;"25,90";
"14428";"8718836159329";"75,90";;;;;"75,90";;;;;"75,90";
"14440";"4260748410363";"7,90";;;;;"7,90";;;;;"7,90";
"14442";"4260617973395";"29,90";;;;;"29,90";;;;;"29,90";
"14445";"5060151873354";"0,40";;;;;"0,40";;;;;"0,40";
"14446";"5060151873262";"0,50";;;;;"0,50";;;;;"0,50";
"14447";"5060151873231";"1,40";;;;;"1,40";;;;;"1,40";
"14448";"5060151873095";"14,90";;;;;"14,90";;;;;"14,90";
"14449";"5060151873248";"1,90";;;;;"1,90";;;;;"1,90";
"14450";"5060151873217";"1,90";"30";"1,75";;;"1,90";;;;;"1,90";
"14451";"5060151873279";"2,40";;;;;"2,40";;;;;"2,40";
"14452";"5060151873286";"3,90";;;;;"3,90";;;;;"3,90";
"14453";"5060151873347";"0,90";;;;;"0,90";;;;;"0,90";
"14492";"4260617970004";"59,90";;;;;"59,90";;;;;"59,90";
"14494";"5060151873330";"9,90";;;;;"9,90";;;;;"9,90";
"14499";"5060151873293";"1,50";;;;;"1,50";;;;;"1,50";
"14502";"8720053702141";"24,90";;;;;"21,16";;;;;"24,90";
"14503";"8720053702165";"159,90";;;;;"135,92";;;;;"159,90";
"14504";"8720053700994";"36,90";;;;;"31,36";;;;;"36,90";
"14505";"8720053701007";"55,90";;;;;"47,52";;;;;"55,90";
"14506";"8720053701014";"209,90";;;;;"178,41";;;;;"209,90";
"14510";"9120106280173";"14,90";;;;;"14,90";;;;;"14,90";
"14524";"5034517303250";"89,90";;;;;"89,90";;;;;"89,90";
"14547";"9120069230796";"24,90";;;;;"21,16";;;;;"24,90";
"14548";"9120069230840";"29,90";"3";"22,86";"10";"21,16";"25,41";;;;;"29,90";
"14556";"8718819992035";"399,90";;;;;"399,90";;;;;"399,90";
"14557";"8718819990017";"499,90";;;;;"349,90";;;;;"499,90";
"14567";"8720053700499";"53,90";;;;;"45,81";;;;;"53,90";
"14568";"4270002129559";"34,90";;;;;"34,90";;;;;"34,90";
"14571";"9120069230857";"49,90";"3";"38,16";"10";"33,92";"42,41";;;;;"49,90";
"14573";"4260011574402";"24,90";;;;;"24,90";;;;;"24,90";
"14574";"4260011574419";"34,90";;;;;"34,90";;;;;"34,90";
"14575";"4260011574426";"49,90";;;;;"49,90";;;;;"49,90";
"14578";"4260617970295";"99,90";;;;;"99,90";;;;;"99,90";
"14581";"4260011574365";"69,90";;;;;"69,90";;;;;"69,90";
"14582";"4260011574372";"79,90";;;;;"79,90";;;;;"79,90";
"14584";"4260011570428";"9,90";;;;;"9,90";;;;;"9,90";
"14586";;"159,90";;;;;"159,90";;;;;"159,90";
"14595";;"1499,90";;;;;"1499,90";;;;;"1499,90";
"14596";"5308186639751";"689,90";;;;;"689,90";;;;;"689,90";
"14597";"5308186639744";"499,90";;;;;"489,90";;;;;"499,90";
"14598";"5308186639737";"219,90";;;;;"209,90";;;;;"219,90";
"14599";"5308186639584";"299,90";;;;;"299,90";;;;;"299,90";
"14600";"5308186639591";"199,90";;;;;"199,90";;;;;"199,90";
"14601";"5308186639713";"79,90";;;;;"79,90";;;;;"79,90";
"14602";"5308186639690";"34,90";;;;;"34,90";;;;;"34,90";
"14603";"5308186639553";"219,00";;;;;"219,00";;;;;"219,00";
"14604";"5308186639850";"389,90";;;;;"389,90";;;;;"389,90";
"14605";"4040849686498";"3,90";;;;;"3,90";;;;;"3,90";
"14606";"5308186639621";"16,90";;;;;"16,90";;;;;"16,90";
"14607";"5308186639782";"18,90";;;;;"18,90";;;;;"18,90";
"14608";"4040849686511";"4,90";;;;;"4,90";;;;;"4,90";
"14609";"5308186639614";"24,90";;;;;"24,90";;;;;"24,90";
"14610";"5308186639799";"21,90";;;;;"21,90";;;;;"21,90";
"14613";"4040849930560";"2,90";;;;;"2,90";;;;;"2,90";
"14614";"5308186640009";"2,90";;;;;"2,90";;;;;"2,90";
"14615";;"139,90";;;;;"139,90";;;;;"139,90";
"14619";;"109,90";;;;;"109,90";;;;;"109,90";
"14620";;"164,90";;;;;"164,90";;;;;"164,90";
"14621";;"269,90";;;;;"269,90";;;;;"269,90";
"14622";;"339,90";;;;;"339,90";;;;;"339,90";
"14624";;"205,90";;;;;"205,90";;;;;"205,90";
"14625";;"299,90";;;;;"299,90";;;;;"299,90";
"14626";;"420,00";;;;;"420,00";;;;;"420,00";
"14627";;"789,00";;;;;"789,00";;;;;"789,00";
"14632";"8718403233995";"69,90";;;;;"62,91";;;;;"69,90";
"14654";"5905669964661";"169,90";;;;;"99,90";;;;;"169,90";
"14683";"8720053700956";"209,90";;;;;"178,41";;;;;"209,90";
"14684";"8720053700963";"399,90";;;;;"339,91";;;;;"399,90";
"14685";;"1925,00";;;;;"1925,00";;;;;"1925,00";
"14690";;"1099,90";;;;;"1099,90";;;;;"1099,90";
"14691";;"949,90";;;;;"949,90";;;;;"949,90";
"14692";;"64,90";;;;;"64,90";;;;;"64,90";
"14699";"5308186639980";"33,90";;;;;"28,81";;;;;"33,90";
"14700";;"72,90";;;;;"72,90";;;;;"72,90";
"14701";"5308186639997";"39,90";;;;;"33,92";;;;;"39,90";
"14713";"8594171431500";"249,90";;;;;"249,90";;;;;"249,90";
"14715";"8594171432187";"289,90";;;;;"289,90";;;;;"289,90";
"14716";"8594171432149";"299,90";;;;;"299,90";;;;;"299,90";
"14726";"4260617970486";"0,29";"100";"0,25";;;"0,29";;;;;"0,29";
"14735";"3760172781073";"69,90";;;;;"69,90";;;;;"69,90";
"14739";"4260520751080";"2,75";"10";"2,40";"100";"2,00";"2,75";;;;;"2,75";
"14747";"3760172781943";"14,90";;;;;"14,90";;;;;"14,90";
"14748";"3760172781875";"9,90";;;;;"9,90";;;;;"9,90";
"14754";"5308186639898";"34,90";;;;;"34,90";;;;;"34,90";
"14763";"4260617970530";"79,90";"12";"59,90";;;"59,90";;;;;"79,90";
"14768";"5034517802333";"249,90";;;;;"249,90";;;;;"249,90";
"14769";"5308186640054";"35,90";;;;;"35,90";;;;;"35,90";
"14771";"4054657120334";"39,90";;;;;"39,90";;;;;"39,90";
"14772";"4054657120235";"99,90";;;;;"99,90";;;;;"99,90";
"14773";"4054657120075";"34,90";;;;;"34,90";;;;;"34,90";
"14774";"4054657120082";"39,90";;;;;"39,90";;;;;"39,90";
"14775";"4054657120099";"49,90";;;;;"49,90";;;;;"49,90";
"14777";"8718104121294";"16,90";;;;;"20,90";;;;;"20,90";
"14784";;"53,90";;;;;"48,51";;;;;"53,90";
"14785";;"89,90";;;;;"80,91";;;;;"89,90";
"14790";;"359,90";;;;;"359,90";;;;;"359,90";
"14799";;"779,90";;;;;"779,90";;;;;"779,90";
"14801";"9120106280142";"319,90";;;;;"199,90";;;;;"319,90";
"14802";"9002683030238";"3,90";;;;;"3,90";;;;;"3,90";
"14808";;"149,90";;;;;"149,90";;;;;"149,90";
"14812";"8720188050759";"17,90";;;;;"16,11";;;;;"17,90";
"14813";"8718403233001";"16,90";;;;;"15,21";;;;;"16,90";
"14814";"8718403232981";"9,90";;;;;"8,91";;;;;"9,90";
"14815";"8718403232912";"14,90";;;;;"13,41";;;;;"14,90";
"14816";"8718403232899";"9,90";;;;;"8,91";;;;;"9,90";
"14819";"4270002129696";"119,90";;;;;"119,90";;;;;"119,90";
"14823";"9120114600307";"29,90";;;;;"29,90";;;;;"29,90";
"14824";"9120106280166";"259,90";;;;;"149,90";;;;;"259,90";
"14827";"4251548123225";"27,90";;;;;"27,90";;;;;"27,90";
"14829";"4056159112947";"59,90";;;;;"59,90";;;;;"59,90";
"14831";"5034517300648";"9,95";;;;;"9,95";;;;;"9,95";
"14837";"5413953075158";"299,90";;;;;"239,92";;;;;"299,90";
"14838";"4260619880266";"399,90";;;;;"319,92";;;;;"399,90";
"14839";"4260619880240";"109,90";;;;;"87,92";;;;;"109,90";
"14847";"8720188050001";"279,90";;;;;"251,91";;;;;"279,90";
"14848";"5060151870186";"24,90";;;;;"24,90";;;;;"24,90";
"14850";;"269,90";;;;;"269,90";;;;;"269,90";
"14851";"4260617973463";"29,90";;;;;"29,90";;;;;"29,90";
"14857";"8718924655764";"14,90";;;;;"14,90";;;;;"14,90";
"14858";"8718924655825";"15,90";;;;;"15,90";;;;;"15,90";
"14869";"3760172781882";"14,90";;;;;"14,90";;;;;"14,90";
"14870";"3760172780731";"9,90";;;;;"9,90";;;;;"9,90";
"14873";"3760172782001";"22,90";;;;;"22,90";;;;;"22,90";
"14874";"3760172782063";"19,90";;;;;"19,90";;;;;"19,90";
"14892";"6429830130000";"19,90";"10";"16,90";;;"19,90";;;;;"19,90";
"14902";;"39,90";;;;;"35,91";;;;;"39,90";
"14905";;"39,90";;;;;"35,91";;;;;"39,90";
"14906";"850038693138";"16,90";;;;;"15,21";;;;;"16,90";
"14907";"850038693107";"16,90";;;;;"15,21";;;;;"16,90";
"14909";"850038693169";"16,90";;;;;"15,21";;;;;"16,90";
"14910";"850038693190";"19,90";;;;;"17,91";;;;;"19,90";
"14932";"5060151873361";"0,50";;;;;"0,50";;;;;"0,50";
"14933";"5060151873378";"0,60";;;;;"0,60";;;;;"0,60";
"14934";"8718924650479";"49,90";;;;;"49,90";;;;;"49,90";
"14936";"5060151875457";"9,90";;;;;"9,90";;;;;"9,90";
"14937";"5060151873057";"10,90";;;;;"10,90";;;;;"10,90";
"14938";"5060151873026";"10,90";;;;;"10,90";;;;;"10,90";
"14940";"4260617973364";"2,10";;;;;"2,10";;;;;"2,10";
"14941";"4260617973371";"2,90";;;;;"2,90";;;;;"2,90";
"14942";"4260617973388";"5,90";;;;;"5,90";;;;;"5,90";
"14953";;"204,90";;;;;"204,90";;;;;"204,90";
"14964";"9120069231489";"42,90";"3";"35,61";"10";"33,92";"36,46";;;;;"42,90";
"14965";"9120069231496";"64,90";"3";"53,46";"10";"50,91";"55,16";;;;;"64,90";
"14967";"9120069231656";"1,90";;;;;"1,61";;;;;"1,90";
"14968";"9120069231663";"2,50";;;;;"2,12";;;;;"2,50";
"14969";"9120069231601";"5,90";"10";"4,42";;;"5,01";;;;;"5,90";
"14970";"9126900231618";"9,90";;;;;"8,41";;;;;"9,90";
"14971";"9120069231625";"11,90";;;;;"10,12";;;;;"11,90";
"14972";"9120069231632";"9,90";;;;;"8,41";;;;;"9,90";
"14973";"9126900231649";"15,90";;;;;"13,51";;;;;"15,90";
"14974";"9120069231526";"22,90";;;;;"19,46";;;;;"22,90";
"14975";"9120069231533";"35,90";;;;;"30,51";;;;;"35,90";
"14976";"9120069231571";"56,90";;;;;"48,36";;;;;"56,90";
"14977";"9120069231588";"69,90";;;;;"59,41";;;;;"69,90";
"14978";"9120069231595";"89,90";;;;;"76,41";;;;;"89,90";
"14982";;"139,90";;;;;"139,90";;;;;"139,90";
"14984";;"159,90";;;;;"159,90";;;;;"159,90";
"14987";;"1349,00";;;;;"1349,00";;;;;"1349,00";
"15000";"5034517020096";"49,90";;;;;"49,90";;;;;"49,90";
"15002";"8718531710214";"149,90";;;;;"149,90";;;;;"149,90";
"15003";"8719327100486";"39,90";;;;;"39,90";;;;;"39,90";
"15004";"8719327100493";"129,90";;;;;"129,90";;;;;"129,90";
"15009";"3760172780045";"59,90";;;;;"59,90";;;;;"59,90";
"15010";"3760172780182";"79,90";;;;;"79,90";;;;;"79,90";
"15135";"4967645120264";"19,90";;;;;"19,90";;;;;"19,90";
"15139";"5034517150724";"8,90";"10";"9,40";;;"8,90";;;;;"8,90";
"15140";"4967645032802";"12,90";;;;;"12,90";;;;;"12,90";
"15141";"4967645016000";"17,90";;;;;"17,90";;;;;"17,90";
"15142";"4967645013535";"24,90";;;;;"24,90";;;;;"24,90";
"15143";"4967645011807";"29,90";;;;;"29,90";;;;;"29,90";
"15144";"4967645131406";"24,90";;;;;"24,90";;;;;"24,90";
"15145";"8720053708228";"1399,90";;;;;"1189,92";;;;;"1399,90";
"15155";;"99,90";;;;;"94,90";;;;;"99,90";
"15157";;"49,90";;;;;"47,41";;;;;"49,90";
"15158";;"99,90";;;;;"94,90";;;;;"99,90";
"15159";"8717524951825";"99,90";;;;;"94,90";;;;;"99,90";
"15160";"8717524957162";"9,90";;;;;"9,40";;;;;"9,90";
"15161";"7081265158463";"29,90";;;;;"28,40";;;;;"29,90";
"15163";"8717524957094";"12,90";;;;;"12,25";;;;;"12,90";
"15172";"3760172784319";"29,90";;;;;"29,90";;;;;"29,90";
"15173";"3760172784333";"29,90";;;;;"29,90";;;;;"29,90";
"15174";"5025644919339";"24,90";;;;;"24,90";;;;;"24,90";
"15177";"4260617974897";"2,90";"10";"2,80";"100";"2,65";"2,90";;;;;"2,90";
"15178";"-";"799,00";;;;;"799,00";;;;;"799,00";
"15179";"-";"1099,00";;;;;"1099,00";;;;;"1099,00";
"15180";"-";"999,00";;;;;"999,00";;;;;"999,00";
"15181";"-";"749,00";;;;;"749,00";;;;;"749,00";
"15182";"-";"849,00";;;;;"849,00";;;;;"849,00";
"15183";"-";"1149,00";;;;;"1149,00";;;;;"1149,00";
"15184";"-";"799,00";;;;;"799,00";;;;;"799,00";
"15186";"-";"849,00";;;;;"849,00";;;;;"849,00";
"15187";"-";"799,00";;;;;"799,00";;;;;"799,00";
"15189";"4251848110697";"999,00";;;;;"749,90";;;;;"999,00";
"15195";"4260617973692";"1,90";"10";"1,75";"100";"1,55";"1,90";;;;;"1,90";
"15196";"4260617973708";"2,50";"10";"2,10";"100";"1,80";"2,50";;;;;"2,50";
"15197";"4260617973715";"5,90";"10";"5,50";"100";"4,50";"5,90";;;;;"5,90";
"15198";"4260617973722";"12,90";"10";"11,90";"100";"9,90";"12,90";;;;;"12,90";
"15223";"8720188050049";"16,90";;;;;"15,21";;;;;"16,90";
"15224";"8720188050162";"25,90";;;;;"23,31";;;;;"25,90";
"15225";"8720188239604";"21,90";;;;;"19,71";;;;;"21,90";
"15226";"8720188240921";"49,90";;;;;"44,91";;;;;"49,90";
"15227";"8720188049531";"15,90";;;;;"14,31";;;;;"15,90";
"15231";;"185,90";;;;;"185,90";;;;;"185,90";
"15235";"8720188049999";"164,90";;;;;"148,41";;;;;"164,90";
"15243";"4260617973739";"0,90";"10";"0,80";"100";"0,70";"0,90";;;;;"0,90";
"15244";"4260617973746";"1,20";"10";"1,05";"100";"0,90";"1,20";;;;;"1,20";
"15245";"4260617973753";"4,90";"10";"4,50";"100";"3,90";"4,90";;;;;"4,90";
"15246";"4260617973760";"14,90";"10";"13,90";"100";"11,50";"14,90";;;;;"14,90";
"15251";"4260617973524";"1,00";"10";"0,90";"50";"0,80";"1,00";;;;;"1,00";
"15252";"4260617973531";"5,90";"5";"5,50";"50";"4,90";"5,90";;;;;"5,90";
"15253";"4260617973548";"7,90";"5";"7,50";"50";"6,90";"7,90";;;;;"7,90";
"15254";"9002683030405";"13,90";;;;;"13,90";;;;;"13,90";
"15257";;"249,00";;;;;"179,90";;;;;"249,00";
"15263";;"359,90";;;;;"359,90";;;;;"359,90";
"15264";"4040849686450";"6,90";;;;;"6,90";;;;;"6,90";
"15267";"8720188251736";"12,90";;;;;"11,61";;;;;"12,90";
"15268";"8720188253013";"24,90";;;;;"22,41";;;;;"24,90";
"15269";"8720188254300";"119,90";;;;;"107,91";;;;;"119,90";
"15293";"4260617971704";"0,20";;;;;"0,20";;;;;"0,20";
"15295";"7061283182251";"299,90";;;;;"299,90";;;;;"299,90";
"15296";"7061281001431";"339,90";;;;;"339,90";;;;;"339,90";
"15298";"7061282430346";"399,90";;;;;"399,90";;;;;"399,90";
"15300";"061281649527";"419,90";;;;;"419,90";;;;;"419,90";
"15301";;"449,90";;;;;"449,90";;;;;"449,90";
"15302";"061284864125";"519,90";;;;;"519,90";;;;;"519,90";
"15303";;"239,90";;;;;"239,90";;;;;"239,90";
"15304";;"549,90";;;;;"549,90";;;;;"549,90";
"15305";;"599,90";;;;;"599,90";;;;;"599,90";
"15306";;"249,90";;;;;"249,90";;;;;"249,90";
"15307";"8437023254134";"14,99";;;;;"14,99";;;;;"14,99";
"15308";"8437023254165";"14,99";;;;;"14,99";;;;;"14,99";
"15309";"8437023254141";"39,90";;;;;"39,90";;;;;"39,90";
"15317";"4260011575119";"79,90";;;;;"79,90";;;;;"79,90";
"15318";"4260220922186";"199,90";;;;;"199,90";;;;;"199,90";
"15319";"9120069233964";"269,90";;;;;"269,90";;;;;"269,90";
"15322";"4260011575102";"69,90";;;;;"69,90";;;;;"69,90";
"15323";"4260220921707";"119,90";;;;;"119,90";;;;;"119,90";
"15325";"8720188242246";"199,90";;;;;"179,91";;;;;"199,90";
"15326";"8720188243359";"379,90";;;;;"341,91";;;;;"379,90";
"15328";"4260617979847";"279,90";;;;;"279,90";;;;;"279,90";
"15330";"1122334455667";"59,90";;;;;"50,91";;;;;"59,90";
"15334";"4260617972909";"2,20";;;;;"2,20";;;;;"2,20";
"15335";"4260520751103";"3,50";"10";"2,90";"100";"2,50";"3,50";;;;;"3,50";
"15336";"4260520751387";"6,90";"10";"5,90";"100";"4,90";"6,90";;;;;"6,90";
"15337";"5025644919322";"16,90";;;;;"16,90";;;;;"16,90";
"15341";;"349,90";;;;;"349,90";;;;;"349,90";
"15347";"4260617979809";"159,90";;;;;"159,90";;;;;"159,90";
"15348";"4260617979861";"99,90";;;;;"99,90";;;;;"99,90";
"15349";"4260617979878";"99,90";;;;;"99,90";;;;;"99,90";
"15353";"4260011575096";"229,00";;;;;"229,00";;;;;"229,00";
"15354";"8720618771261";"129,90";;;;;"129,90";;;;;"129,90";
"15355";"8720618771278";"149,90";;;;;"149,90";;;;;"149,90";
"15359";"8717662001963";"4,90";;;;;"4,90";;;;;"4,90";
"15360";"9120069231892";"389,90";;;;;"259,90";;;;;"389,90";
"15361";"9120069231908";"389,90";;;;;"259,90";;;;;"389,90";
"15362";"9120069231915";"389,90";;;;;"259,90";;;;;"389,90";
"15363";"9120069231922";"469,90";;;;;"399,42";;;;;"469,90";
"15364";"9120069231939";"469,90";;;;;"399,42";;;;;"469,90";
"15365";"9120069231946";"469,90";;;;;"399,42";;;;;"469,90";
"15366";"9120069231953";"579,90";;;;;"492,91";;;;;"579,90";
"15367";"9120069231960";"579,90";;;;;"492,91";;;;;"579,90";
"15369";"9120069232462";"679,90";;;;;"577,92";;;;;"679,90";
"15371";"9120069232165";"439,90";;;;;"329,90";;;;;"439,90";
"15372";"9120069232189";"909,90";;;;;"773,42";;;;;"909,90";
"15373";"9120069232172";"519,90";;;;;"441,91";;;;;"519,90";
"15374";"9120069232196";"1029,90";;;;;"875,42";;;;;"1029,90";
"15375";"7061116080518";"249,90";;;;;"199,90";;;;;"249,90";
"15376";"8721249602276";"35,90";;;;;"35,90";;;;;"35,90";
"15377";"8785258333699";"29,90";;;;;"29,90";;;;;"29,90";
"15378";"8721249602306";"49,90";;;;;"49,90";;;;;"49,90";
"15379";"8721249602320";"59,90";;;;;"59,90";;;;;"59,90";
"15380";"8721249602337";"59,90";;;;;"59,90";;;;;"59,90";
"15381";"4260619880387";"19,90";;;;;"15,92";;;;;"19,90";
"15382";"4260011574075";"129,90";;;;;"129,90";;;;;"129,90";
"15384";"5034517802203";"19,90";;;;;"19,90";;;;;"19,90";
"15392";"8718403231564";"19,90";;;;;"17,91";;;;;"19,90";
"15515";"8721249602351";"69,90";;;;;"69,90";;;;;"69,90";
"15518";"4250390863341";"12,90";;;;;"12,90";;;;;"12,90";
"15519";"4250390807352";"16,90";;;;;"16,90";;;;;"16,90";
"15520";"4251548120347";"71,90";;;;;"71,90";;;;;"71,90";
"15521";"8718403231809";"3,90";;;;;"3,51";;;;;"3,90";
"15522";"8718403231199";"6,90";;;;;"6,21";;;;;"6,90";
"15523";"8718403231793";"4,90";;;;;"4,41";;;;;"4,90";
"15524";"8718403231137";"7,90";;;;;"7,11";;;;;"7,90";
"15525";"8718403232189";"3,90";;;;;"3,51";;;;;"3,90";
"15526";"8718403231311";"6,90";;;;;"6,21";;;;;"6,90";
"15527";"8718403233346";"5,50";;;;;"4,95";;;;;"5,50";
"15528";"8718403233377";"8,90";;;;;"8,01";;;;;"8,90";
"15529";"8720188049395";"7,90";;;;;"7,11";;;;;"7,90";
"15530";"8720188049401";"11,90";;;;;"10,71";;;;;"11,90";
"15531";"8720188049463";"7,90";;;;;"7,11";;;;;"7,90";
"15532";"8720188049470";"10,90";;;;;"9,81";;;;;"10,90";
"15533";"8720188049524";"10,90";;;;;"9,81";;;;;"10,90";
"15534";"8720188049890";"5,90";;;;;"5,31";;;;;"5,90";
"15535";"8720188049906";"8,90";;;;;"8,01";;;;;"8,90";
"15536";"8720188050032";"10,90";;;;;"9,81";;;;;"10,90";
"15537";"8720188050735";"7,90";;;;;"7,11";;;;;"7,90";
"15538";"8720188050742";"11,90";;;;;"10,71";;;;;"11,90";
"15550";"8436554760947";"8,90";;;;;"6,90";;;;;"8,90";
"15577";"628347730307";"39,90";;;;;"39,90";;;;;"39,90";
"15586";"5034517092017";"59,90";;;;;"59,90";;;;;"59,90";
"15588";"5034517092024";"69,90";;;;;"69,90";;;;;"69,90";
"15589";"5034517092031";"122,90";;;;;"122,90";;;;;"122,90";
"15590";"4260617979892";"229,90";;;;;"229,90";;;;;"229,90";
"15591";"819137020290";"99,00";;;;;"99,00";;;;;"99,00";
"15592";"854759004785";"149,00";;;;;"149,00";;;;;"149,00";
"15593";"819137020306";"119,00";;;;;"119,00";;;;;"119,00";
"15594";"854759004792";"189,00";;;;;"189,00";;;;;"189,00";
"15595";"819137020276";"249,00";;;;;"249,00";;;;;"249,00";
"15599";"819137022065";"169,00";;;;;"169,00";;;;;"169,00";
"15600";"819137021891";"239,00";;;;;"239,00";;;;;"239,00";
"15602";"819137022911";"299,00";;;;;"299,00";;;;;"299,00";
"15603";"819137022928";"329,00";;;;;"329,00";;;;;"329,00";
"15604";"819137022980";"449,00";;;;;"449,00";;;;;"449,00";
"15605";"819137021488";"24,99";;;;;"24,99";;;;;"24,99";
"15608";"819137023659";"119,00";;;;;"119,00";;;;;"119,00";
"15609";"819137023673";"18,99";;;;;"18,99";;;;;"18,99";
"15610";"819137023796";"18,99";;;;;"18,99";;;;;"18,99";
"15611";"819137022225";"12,99";;;;;"12,99";;;;;"12,99";
"15612";"819137023666";"12,99";;;;;"12,99";;;;;"12,99";
"15619";"819137023543";"22,99";;;;;"22,99";;;;;"22,99";
"15622";"819137020368";"29,99";;;;;"29,99";;;;;"29,99";
"15623";"819137021037";"19,99";;;;;"19,99";;;;;"19,99";
"15625";"819137021556";"189,00";;;;;"189,00";;;;;"189,00";
"15626";"819137021549";"219,00";;;;;"219,00";;;;;"219,00";
"15627";"819137021570";"269,00";;;;;"269,00";;;;;"269,00";
"15628";"819137022409";"179,00";;;;;"179,00";;;;;"179,00";
"15629";"819137021563";"219,00";;;;;"219,00";;;;;"219,00";
"15631";"819137023550";"41,99";;;;;"41,99";;;;;"41,99";
"15632";"819137023567";"48,99";;;;;"48,99";;;;;"48,99";
"15633";"819137023574";"44,99";;;;;"44,99";;;;;"44,99";
"15634";"819137023581";"48,99";;;;;"48,99";;;;;"48,99";
"15636";"819137022836";"639,00";;;;;"639,00";;;;;"639,00";
"15637";"819137022843";"829,00";;;;;"829,00";;;;;"829,00";
"15638";"819137022850";"879,00";;;;;"879,00";;;;;"879,00";
"15640";"819137024335";"1619,00";;;;;"1619,00";;;;;"1619,00";
"15642";"819137020665";"59,99";;;;;"59,99";;;;;"59,99";
"15643";"819137020672";"83,99";;;;;"83,99";;;;;"83,99";
"15644";"819137020689";"119,00";;;;;"119,00";;;;;"119,00";
"15652";"819137021662";"24,99";;;;;"24,99";;;;;"24,99";
"15653";"819137021679";"26,99";;;;;"26,99";;;;;"26,99";
"15654";"819137021686";"27,99";;;;;"27,99";;;;;"27,99";
"15655";"819137022706";"71,99";;;;;"71,99";;;;;"71,99";
"15659";"819137024045";"399,00";;;;;"399,00";;;;;"399,00";
"15660";"819137024052";"439,00";;;;;"439,00";;;;;"439,00";
"15661";"819137024069";"689,00";;;;;"689,00";;;;;"689,00";
"15662";"819137024076";"989,00";;;;;"989,00";;;;;"989,00";
"15664";"819137021624";"9,99";;;;;"9,99";;;;;"9,99";
"15665";"819137021631";"9,99";;;;;"9,99";;;;;"9,99";
"15666";"819137023383";"9,99";;;;;"9,99";;;;;"9,99";
"15667";"819137021495";"9,99";;;;;"9,99";;;;;"9,99";
"15668";"819137021396";"16,99";;;;;"16,99";;;;;"16,99";
"15669";"819137022423";"69,99";;;;;"69,99";;;;;"69,99";
"15670";"819137022416";"59,99";;;;;"59,99";;;;;"59,99";
"15671";"819137022768";"11,99";;;;;"11,99";;;;;"11,99";
"15672";"819137022775";"14,99";;;;;"14,99";;;;;"14,99";
"15673";"819137022782";"15,99";;;;;"15,99";;;;;"15,99";
"15674";"819137022799";"16,99";;;;;"16,99";;;;;"16,99";
"15675";"819137023611";"79,99";;;;;"79,99";;;;;"79,99";
"15676";"819137023628";"199,00";;;;;"199,00";;;;;"199,00";
"15677";"4260617979984";"199,90";;;;;"199,90";;;;;"199,90";
"15689";"8436554761241";"74,90";;;;;"59,90";;;;;"74,90";
"15690";"8718924654750";"41,90";;;;;"41,90";;;;;"41,90";
"15691";"8718924654620";"37,90";;;;;"37,90";;;;;"37,90";
"15692";"5308186640092";"379,90";;;;;"349,00";;;;;"379,90";
"15702";"9788090714380";"18,00";;;;;"18,00";;;;;"18,00";
"15705";"4260360060236";"29,90";;;;;"29,90";;;;;"29,90";
"15706";"4260360061240";"32,90";;;;;"32,90";;;;;"32,90";
"15709";"4260360060175";"49,90";;;;;"49,90";;;;;"49,90";
"15710";"4260360060243";"66,90";;;;;"66,90";;;;;"66,90";
"15711";"4260360060267";"49,90";;;;;"49,90";;;;;"49,90";
"15717";"8594171433290";"239,90";;;;;"239,90";;;;;"239,90";
"15725";"4260617979885";"159,90";;;;;"159,90";;;;;"159,90";
"15726";"5308186640023";"329,00";;;;;"329,00";;;;;"329,00";
"15733";"4260617979908";"179,90";;;;;"179,90";;;;;"179,90";
"15755";"9120069231236";"29,90";;;;;"25,41";;;;;"29,90";
"15757";"8717729828724";"19,90";"3";"18,90";"10";"17,90";"19,90";;;;;"19,90";
"15758";"8717729825938";"29,90";"3";"28,90";"10";"26,90";"29,90";;;;;"29,90";
"15759";"8717729828786";"29,90";"3";"28,90";"10";"26,90";"29,90";;;;;"29,90";
"15760";"8717729827178";"19,90";"3";"18,90";"10";"17,90";"19,90";;;;;"19,90";
"15761";"4260011574389";"99,90";;;;;"99,90";;;;;"99,90";
"15763";"8785258333651";"6,90";;;;;"6,90";;;;;"6,90";
"15764";"8785258333644";"6,90";;;;;"6,90";;;;;"6,90";
"15765";"7061117603594";"6,90";;;;;"6,90";;;;;"6,90";
"15766";"7061111642933";"6,90";;;;;"6,90";;;;;"6,90";
"15767";"7061118094162";"6,90";;;;;"6,90";;;;;"6,90";
"15769";"8785284957807";"13,95";;;;;"13,95";;;;;"13,95";
"15770";"8785284957791";"13,95";;;;;"13,95";;;;;"13,95";
"15771";"8785284957906";"229,00";;;;;"229,00";;;;;"229,00";
"15772";"8785284957913";"299,95";;;;;"299,95";;;;;"299,95";
"15773";"8785278524626";"74,95";;;;;"74,95";;;;;"74,95";
"15774";"5060502820747";"24,90";;;;;"24,90";;;;;"24,90";
"15775";"5060502820716";"29,90";;;;;"29,90";;;;;"29,90";
"15776";"5060502820457";"14,90";;;;;"14,90";;;;;"14,90";
"15777";"5060502820419";"19,90";;;;;"19,90";;;;;"19,90";
"15778";"4260011575072";"219,00";;;;;"219,00";;;;;"219,00";
"15783";"4260617974071";"29,90";;;;;"23,92";;;;;"29,90";
"15784";"bfmopa3";"34,90";;;;;"27,92";;;;;"34,90";
"15785";"bfss3";"29,90";;;;;"23,92";;;;;"29,90";
"15786";"4260617974101";"28,90";;;;;"23,12";;;;;"28,90";
"15787";"bfche3";"27,90";;;;;"22,32";;;;;"27,90";
"15788";"bfwca3";"31,90";;;;;"25,52";;;;;"31,90";
"15789";"bfgka3";"27,90";;;;;"22,32";;;;;"27,90";
"15791";"bfdsd3";"29,90";;;;;"23,92";;;;;"29,90";
"15795";"8717729826126";"29,90";"3";"28,90";"10";"26,90";"29,90";;;;;"29,90";
"15796";"8720246573749";"39,90";"3";"37,90";"10";"35,90";"39,90";;;;;"39,90";
"15797";"8717729827192";"23,90";"3";"22,90";"10";"21,90";"23,90";;;;;"23,90";
"15798";"8720246576313";"44,90";"3";"42,90";"10";"39,90";"44,90";;;;;"44,90";
"15799";"8720246576276";"44,90";"3";"42,90";"10";"39,90";"44,90";;;;;"44,90";
"15800";;"0,60";;;;;"0,60";;;;;"0,60";
"15818";"8594171433405";"289,90";;;;;"289,90";;;;;"289,90";
"15819";"750668011176";"17,95";;;;;"17,95";;;;;"17,95";
"15820";"750668013040";"24,95";;;;;"24,95";;;;;"24,95";
"15821";"750668012890";"18,95";;;;;"18,95";;;;;"18,95";
"15822";"750668012487";"14,95";;;;;"14,95";;;;;"14,95";
"15823";"750668014061";"69,95";;;;;"69,95";;;;;"69,95";
"15824";"750668011121";"69,95";;;;;"69,95";;;;;"69,95";
"15825";"750668011442";"79,95";;;;;"79,95";;;;;"79,95";
"15826";"750668014221";"9,95";;;;;"9,95";;;;;"9,95";
"15827";"750668009135";"13,95";;;;;"13,95";;;;;"13,95";
"15828";"750668004475";"9,95";;;;;"9,95";;;;;"9,95";
"15829";"750668001757";"9,95";;;;;"9,95";;;;;"9,95";
"15836";"0753321683017";"14,90";;;;;"14,15";;;;;"14,90";
"15852";"8717729825952";"24,90";"3";"23,90";"10";"21,90";"24,90";;;;;"24,90";
"15853";"8717729825822";"24,90";"3";"23,90";"10";"21,90";"24,90";;;;;"24,90";
"15854";"8717729825921";"23,90";"3";"22,90";"10";"21,90";"23,90";;;;;"23,90";
"15855";"8720246574203";"39,90";"3";"37,90";"10";"35,90";"39,90";;;;;"39,90";
"15856";"8717729825884";"29,90";"3";"28,90";"10";"26,90";"29,90";;;;;"29,90";
"15857";"3760172781356";"18,90";;;;;"18,90";;;;;"18,90";
"15860";"4260617974170";"449,00";"3";"249,90";"10";"249,90";"249,90";;;;;"449,00";
"15868";"3870000172604";"17,90";"3";"8,95";"10";"7,95";"8,95";;;;;"17,90";
"15869";"3870000192435";"28,90";"3";"13,95";"10";"12,95";"14,45";;;;;"28,90";
"15870";"3870000170587";"18,90";"3";"8,95";"10";"8,45";"9,45";;;;;"18,90";
"15871";"3870000202875";"28,90";"3";"13,95";"10";"12,95";"14,45";;;;;"28,90";
"15872";"3870003456787";"28,90";"3";"13,95";"10";"12,95";"14,45";;;;;"28,90";
"15873";"3870000170853";"21,90";"3";"10,45";"10";"9,95";"10,95";;;;;"21,90";
"15875";"3870000170600";"21,90";"3";"10,45";"10";"9,95";"10,95";;;;;"21,90";
"15876";"3870000170624";"21,90";"3";"10,45";"10";"9,95";"10,95";;;;;"21,90";
"15877";"3870000172802";"22,90";"3";"10,95";"10";"10,45";"11,45";;;;;"22,90";
"15878";"3870000202813";"22,90";"3";"10,95";"10";"10,45";"11,45";;;;;"22,90";
"15879";"3870009012345";"28,90";"3";"13,95";"10";"12,95";"14,45";;;;;"28,90";
"15880";"3870000100324";"25,90";"3";"12,45";"10";"11,45";"12,95";;;;;"25,90";
"15881";"3870000370765";"25,90";"3";"12,45";"10";"11,45";"12,95";;;;;"25,90";
"15882";"3870000300014";"28,90";"3";"13,95";"10";"12,95";"14,45";;;;;"28,90";
"15883";"3870000357513";"28,90";"3";"13,95";"10";"12,95";"14,45";;;;;"28,90";
"15884";"3870000327417";"28,90";"3";"13,95";"10";"12,95";"14,45";;;;;"28,90";
"15885";"3870000170594";"28,90";"3";"13,95";"10";"12,95";"14,45";;;;;"28,90";
"15886";"3870000150596";"22,90";"3";"10,95";"10";"10,45";"11,45";;;;;"22,90";
"15887";"3870000310808";"22,90";"3";"10,95";"10";"10,45";"11,45";;;;;"22,90";
"15888";"3870000327509";"22,90";"3";"10,95";"10";"10,45";"11,45";;;;;"22,90";
"15889";"3870000175704";"22,90";"3";"10,95";"10";"10,45";"11,45";;;;;"22,90";
"15890";"3870000367512";"28,90";"3";"13,95";"10";"12,95";"14,45";;;;;"28,90";
"15891";"3870000170761";"21,90";"3";"10,45";"10";"9,95";"10,95";;;;;"21,90";
"15892";"3870000170754";"21,90";"3";"10,45";"10";"9,95";"10,95";;;;;"21,90";
"15893";"3870000170716";"22,90";"3";"10,95";"10";"10,45";"11,45";;;;;"22,90";
"15894";"3870000367529";"22,90";"3";"10,95";"10";"10,45";"11,45";;;;;"22,90";
"15895";"3870000170617";"21,90";"3";"10,45";"10";"9,95";"10,95";;;;;"21,90";
"15896";"3870000170570";"21,90";"3";"10,45";"10";"9,95";"10,95";;;;;"21,90";
"15897";"3870003332791";"21,90";"3";"10,45";"10";"9,95";"10,95";;;;;"21,90";
"15898";"3870000170891";"21,90";"3";"10,45";"10";"9,95";"10,95";;;;;"21,90";
"15899";"3870000170747";"21,90";"3";"10,45";"10";"9,95";"10,95";;;;;"21,90";
"15900";"3870000170679";"21,90";"3";"10,45";"10";"9,95";"10,95";;;;;"21,90";
"15901";"3870000170778";"21,90";"3";"10,45";"10";"9,95";"10,95";;;;;"21,90";
"15902";"3870000202868";"21,90";"3";"10,45";"10";"9,95";"10,95";;;;;"21,90";
"15903";"3870000170631";"18,90";"3";"8,95";"10";"8,45";"9,45";;;;;"18,90";
"15904";"3870000170648";"21,90";"3";"10,45";"10";"9,95";"10,95";;;;;"21,90";
"15905";"3870000347330";"22,90";"3";"10,95";"10";"10,45";"11,45";;;;;"22,90";
"15906";"3870000170655";"28,90";"3";"13,95";"10";"12,95";"14,45";;;;;"28,90";
"15907";"3870000170808";"28,90";"3";"13,95";"10";"12,95";"14,45";;;;;"28,90";
"15908";"3870000120636";"22,90";"3";"10,95";"10";"10,45";"11,45";;;;;"22,90";
"15909";"3870000123637";"22,90";"3";"10,95";"10";"10,45";"11,45";;;;;"22,90";
"15910";"3870005432109";"28,90";"3";"13,95";"10";"12,95";"14,45";;;;;"28,90";
"15911";"3870003232794";"21,90";"3";"10,45";"10";"9,95";"10,95";;;;;"21,90";
"15912";"3870000890126";"22,90";"3";"10,95";"10";"10,45";"11,45";;;;;"22,90";
"15913";"3870000217046";"21,90";"3";"10,45";"10";"9,95";"10,95";;;;;"21,90";
"15914";"3870000337416";"28,90";"3";"13,95";"10";"12,95";"14,45";;;;;"28,90";
"15915";"3870000337409";"22,90";"3";"10,95";"10";"10,45";"11,45";;;;;"22,90";
"15916";"3870000170662";"21,90";"3";"10,45";"10";"9,95";"10,95";;;;;"21,90";
"15917";"3870000170822";"21,90";"3";"10,45";"10";"9,95";"10,95";;;;;"21,90";
"15918";"3870000378808";"17,90";"3";"8,95";"10";"7,95";"8,95";;;;;"17,90";
"15920";"3870003227448";"21,90";"3";"10,45";"10";"9,95";"10,95";;;;;"21,90";
"15921";"3870003227417";"23,90";"3";"11,45";"10";"10,95";"11,95";;;;;"23,90";
"15922";"3870000037415";"23,90";"3";"11,45";"10";"10,95";"11,95";;;;;"23,90";
"15923";"3870000333418";"23,90";"3";"11,45";"10";"10,95";"11,95";;;;;"23,90";
"15924";"3870000170693";"18,90";"3";"8,95";"10";"8,45";"9,45";;;;;"18,90";
"15925";"3870000300304";"25,90";"3";"12,45";"10";"11,45";"12,95";;;;;"25,90";
"15926";"3870000170709";"18,90";"3";"8,95";"10";"8,45";"9,45";;;;;"18,90";
"15927";"3870000234579";"28,90";"3";"13,95";"10";"12,95";"14,45";;;;;"28,90";
"15928";"796554103136";"34,90";;;;;"34,90";;;;;"34,90";
"15936";"3870000376767";"34,90";"3";"23,73";"10";"21,63";"24,43";;;;;"34,90";
"15938";"3870000393726";"37,90";"3";"25,83";"10";"23,73";"26,53";;;;;"37,90";
"15939";"8720246573787";"34,90";"3";"33,90";"10";"30,90";"34,90";;;;;"34,90";
"15940";"4260617971483";"27,90";;;;;"22,32";;;;;"27,90";
"15941";"bfwwxxl3";"31,90";;;;;"25,52";;;;;"31,90";
"15942";"4260617971469";"34,90";;;;;"27,92";;;;;"34,90";
"15943";"4260617971452";"29,90";;;;;"23,92";;;;;"29,90";
"15946";"8719497402946";"19,90";"3";"18,90";"10";"17,90";"19,90";;;;;"19,90";
"15947";"8717202906055";"29,90";"3";"28,90";"10";"26,90";"29,90";;;;;"29,90";
"15948";"8719497405015";"19,90";"3";"18,90";"10";"17,90";"19,90";;;;;"19,90";
"15949";"8717202907311";"16,90";"3";"16,90";"10";"14,90";"16,90";;;;;"16,90";
"15950";"8717202907045";"16,90";"3";"16,90";"10";"14,90";"16,90";;;;;"16,90";
"15951";"8717202908776";"149,90";;;;;"149,90";;;;;"149,90";
"15953";"4260617979939";"8,90";;;;;"8,90";;;;;"8,90";
"15954";"4260617979946";"29,90";;;;;"29,90";;;;;"29,90";
"15960";"3870000390725";"64,90";"3";"61,90";"10";"57,90";"64,90";;;;;"64,90";
"15961";"3870000384991";"59,90";"3";"56,90";"10";"52,90";"59,90";;;;;"59,90";
"15963";"3870000224792";"24,90";"3";"23,90";"10";"21,90";"24,90";;;;;"24,90";
"15964";"2950001000203";"49,90";"3";"47,90";"10";"43,90";"49,90";;;;;"49,90";
"15965";"3870000139454";"52,90";"3";"50,90";"10";"46,90";"52,90";;;;;"52,90";
"15966";"3870000384977";"54,90";"3";"52,90";"10";"48,90";"54,90";;;;;"54,90";
"15967";"3870000389354";"32,90";"3";"31,90";"10";"28,90";"32,90";;;;;"32,90";
"15968";"3870000389408";"34,90";"3";"33,90";"10";"30,90";"34,90";;;;;"34,90";
"15969";"3870000389064";"37,90";"3";"36,90";"10";"33,90";"37,90";;;;;"37,90";
"15970";"3870000216476";"34,90";"3";"33,90";"10";"30,90";"34,90";;;;;"34,90";
"15971";"3870000183624";"28,90";"3";"27,90";"10";"25,90";"28,90";;;;;"28,90";
"15972";"3870000183396";"23,90";"3";"22,90";"10";"21,90";"23,90";;;;;"23,90";
"15973";"3870000426752";"79,90";"3";"75,90";"10";"70,90";"79,90";;;;;"79,90";
"15975";"8435523601793";"26,90";"3";"25,90";"10";"23,90";"26,90";;;;;"26,90";
"15976";"8435523602011";"22,90";"3";"21,90";"10";"20,90";"22,90";;;;;"22,90";
"15977";"8435523615158";"26,90";"3";"25,90";"10";"23,90";"26,90";;;;;"26,90";
"15978";"2600001000467";"16,90";"3";"16,90";"10";"14,90";"16,90";;;;;"16,90";
"15979";"8435523604473";"24,90";"3";"23,90";"10";"21,90";"24,90";;;;;"24,90";
"15980";"8435523608808";"26,90";"3";"25,90";"10";"23,90";"26,90";;;;;"26,90";
"15982";"8435523601939";"24,90";"3";"23,90";"10";"21,90";"24,90";;;;;"24,90";
"15983";"8435523610771";"24,90";"3";"23,90";"10";"21,90";"24,90";;;;;"24,90";
"15984";"3870000246152";"24,90";"3";"23,90";"10";"21,90";"24,90";;;;;"24,90";
"15985";"8435523614588";"24,90";"3";"23,90";"10";"21,90";"24,90";;;;;"24,90";
"15986";"8435523613253";"39,90";"3";"37,90";"10";"35,90";"39,90";;;;;"39,90";
"15987";"3870000410737";"39,90";"3";"37,90";"10";"35,90";"39,90";;;;;"39,90";
"15988";"8435523613307";"37,90";"3";"36,90";"10";"33,90";"37,90";;;;;"37,90";
"15991";"4201103";"29,90";"3";"28,90";"10";"26,90";"29,90";;;;;"29,90";
"15993";"4211703";"23,90";"3";"22,90";"10";"21,90";"23,90";;;;;"23,90";
"15994";"8717202908417";"159,90";"3";"151,90";"10";"140,90";"159,90";;;;;"159,90";
"15995";"8717202908080";"119,90";;;;;"119,90";;;;;"119,90";
"15996";"8717202908059";"94,90";"3";"90,90";"10";"83,90";"94,90";;;;;"94,90";
"15997";"3870000393627";"35,90";"3";"24,43";"10";"22,33";"25,13";;;;;"35,90";
"15998";"3870000377474";"30,90";"3";"20,93";"10";"19,53";"21,63";;;;;"30,90";
"15999";"3870000424345";"38,90";"3";"25,83";"10";"24,43";"27,23";;;;;"38,90";
"16000";"3870000376798";"37,90";"3";"25,83";"10";"23,73";"26,53";;;;;"37,90";
"16003";"9783037886571";"19,80";;;;;"19,80";;;;;"19,80";
"16014";"4260617974323";"6,90";;;;;"6,90";;;;;"6,90";
"16015";"4250016460398";"5,90";;;;;"5,90";;;;;"5,90";
"16017";"4260617974347";"6,90";;;;;"6,90";;;;;"6,90";
"16018";"4250016482390";"9,90";;;;;"9,90";;;;;"9,90";
"16019";"4250016482376";"9,90";;;;;"9,90";;;;;"9,90";
"16020";"4250016482352";"9,90";;;;;"9,90";;;;;"9,90";
"16021";"4250016482413";"9,90";;;;;"9,90";;;;;"9,90";
"16012";"4260617974217";"44,90";;;;;"44,90";;;;;"44,90";
"16013";"4260617974224";"44,90";;;;;"44,90";;;;;"44,90";
"16023";"3870000376743";"37,90";"3";"25,83";"10";"23,73";"26,53";;;;;"37,90";
"16024";"3870000393672";"37,90";"3";"25,83";"10";"23,73";"26,53";;;;;"37,90";
"16025";"3870000424369";"38,90";"3";"25,83";"10";"24,43";"27,23";;;;;"38,90";
"16026";"3870000414063";"39,50";"3";"26,53";"10";"24,43";"27,65";;;;;"39,50";
"16027";"3870000376804";"35,90";"3";"24,43";"10";"22,33";"25,13";;;;;"35,90";
"16028";"3870000376859";"37,90";"3";"25,83";"10";"23,73";"26,53";;;;;"37,90";
"16029";"3870000424659";"37,90";"3";"25,83";"10";"23,73";"26,53";;;;;"37,90";
"16030";"3870000377856";"31,90";"3";"21,63";"10";"20,23";"22,33";;;;;"31,90";
"16032";"3870000376910";"35,90";"3";"24,43";"10";"22,33";"25,13";;;;;"35,90";
"16033";"3870000376934";"35,90";"3";"24,43";"10";"22,33";"25,13";;;;;"35,90";
"16034";"3870000424697";"35,90";"3";"25,83";"10";"23,73";"25,13";;;;;"35,90";
"16035";"3870000424680";"38,90";"3";"25,83";"10";"24,43";"27,23";;;;;"38,90";
"16036";"3870000424710";"36,90";"3";"25,13";"10";"23,03";"25,83";;;;;"36,90";
"16037";"3870000377023";"34,90";"3";"23,73";"10";"21,63";"24,43";;;;;"34,90";
"16038";"3870000377030";"35,90";"3";"24,43";"10";"22,33";"25,13";;;;;"35,90";
"16039";"3870000414162";"36,90";"3";"25,13";"10";"23,03";"25,83";;;;;"36,90";
"16040";"3870000378143";"33,90";"3";"23,03";"10";"20,93";"23,73";;;;;"33,90";
"16041";"3870000377887";"34,90";"3";"23,73";"10";"21,63";"24,43";;;;;"34,90";
"16042";"3870000377849";"31,90";"3";"21,63";"10";"20,23";"22,33";;;;;"31,90";
"16043";"3870000377818";"32,90";"3";"22,33";"10";"20,23";"23,03";;;;;"32,90";
"16044";"3870000377535";"27,90";"3";"18,83";"10";"17,43";"19,53";;;;;"27,90";
"16045";"3870000377511";"27,90";"3";"18,83";"10";"17,43";"19,53";;;;;"27,90";
"16046";"3870000377566";"27,90";"3";"18,83";"10";"17,43";"19,53";;;;;"27,90";
"16047";"3870000377559";"26,90";"3";"18,13";"10";"16,73";"18,83";;;;;"26,90";
"16049";"3870000424734";"30,90";"3";"20,93";"10";"19,53";"21,63";;;;;"30,90";
"16050";"3870000414360";"34,90";;;;;"24,43";;;;;"34,90";
"16051";"3870000414216";"30,90";"3";"20,93";"10";"19,53";"21,63";;;;;"30,90";
"16052";"3870000424758";"30,90";"3";"20,93";"10";"19,53";"21,63";;;;;"30,90";
"16053";"3870000414254";"29,90";"3";"20,23";"10";"18,83";"20,93";;;;;"29,90";
"16055";"4260617979960";"99,90";;;;;"99,90";;;;;"99,90";
"16056";"4262501770011";"24,90";"3";"11,45";"10";"9,95";"12,45";;;;;"24,90";
"16057";"4260617974538";"18,90";;;;;"9,45";;;;;"18,90";
"16058";"4260617974576";"17,90";;;;;"8,95";;;;;"17,90";
"16059";"4260617974552";"18,90";;;;;"9,45";;;;;"18,90";
"16061";"4260617974460";"14,90";;;;;"7,45";;;;;"14,90";
"16062";"4260617974569";"18,90";;;;;"9,45";;;;;"18,90";
"16064";"4262501770165";"24,90";;;;;"12,45";;;;;"24,90";
"16065";"4260617974514";"14,90";;;;;"7,45";;;;;"14,90";
"16066";"4260617974606";"18,90";;;;;"9,45";;;;;"18,90";
"16068";"4260617974521";"14,90";;;;;"7,45";;;;;"14,90";
"16070";"4260617974491";"14,90";;;;;"7,45";;;;;"14,90";
"16071";"4260617974484";"14,90";;;;;"7,45";;;;;"14,90";
"16072";"4260617974590";"19,90";;;;;"9,95";;;;;"19,90";
"16073";"4260617974620";"18,90";;;;;"9,45";;;;;"18,90";
"16074";"4260617974613";"14,90";;;;;"7,45";;;;;"14,90";
"16076";"5034517802210";"34,90";;;;;"34,90";;;;;"34,90";
"16079";"8435405307775";"7,90";;;;;"7,90";;;;;"7,90";
"16080";"4260617974873";"1,80";"20";"1,60";"200";"1,40";"1,80";;;;;"1,80";
"16089";"8718403232479";"27,90";;;;;"25,11";;;;;"27,90";
"16090";"8718403231816";"8,90";;;;;"8,01";;;;;"8,90";
"16091";"8718403231250";"9,90";;;;;"8,91";;;;;"9,90";
"16092";"8718403232196";"5,90";;;;;"5,31";;;;;"5,90";
"16096";"4260617974279";"119,90";;;;;"119,90";;;;;"119,90";
"16097";"4260617974262";"99,90";;;;;"89,90";;;;;"99,90";
"16098";"4260617974255";"74,90";;;;;"59,90";;;;;"74,90";
"16106";"4260617974477";"14,90";;;;;"7,45";;;;;"14,90";
"16107";"8717202907113";"27,90";"3";"26,90";"10";"24,90";"27,90";;;;;"27,90";
"16108";"4260617979823";"6,90";"5";"6,50";;;"6,90";;;;;"6,90";
"16109";"4260617979854";"9,90";"10";"8,90";;;"9,90";;;;;"9,90";
"16110";"4260617979953";"14,90";"5";"13,90";;;"14,90";;;;;"14,90";
"16120";"4260617974354";"129,90";;;;;"129,90";;;;;"129,90";
"16121";"819137021587";"319,00";;;;;"319,00";;;;;"319,00";
"16123";"4205903";"34,90";"3";"33,90";"10";"30,90";"34,90";;;;;"34,90";
"16130";"9120069232653";"119,90";;;;;"101,91";;;;;"119,90";
"16131";"9788090714397";"28,00";;;;;"28,00";;;;;"28,00";
"16132";"8718403232141";"24,90";;;;;"22,41";;;;;"24,90";
"16133";"4260617974682";"34,90";;;;;"27,92";;;;;"34,90";
"16134";"4260617974675";"32,90";;;;;"26,32";;;;;"32,90";
"16135";"4260617974699";"34,90";;;;;"27,92";;;;;"34,90";
"16136";"4260617974651";"34,90";;;;;"27,92";;;;;"34,90";
"16137";"4260617974637";"33,90";;;;;"27,12";;;;;"33,90";
"16138";"bfbd3";"32,90";;;;;"26,32";;;;;"32,90";
"16139";"3870000434009";"19,90";"3";"18,90";"10";"17,90";"19,90";;;;;"19,90";
"16140";"3870000433828";"19,90";"3";"18,90";"10";"17,90";"19,90";;;;;"19,90";
"16141";"3870000433972";"19,90";"3";"18,90";"10";"17,90";"19,90";;;;;"19,90";
"16148";"3870000385219";"49,90";"3";"47,90";"10";"43,90";"49,90";;;;;"49,90";
"16149";"4260617974668";"34,90";;;;;"27,92";;;;;"34,90";
"16151";"753321687022";"18,99";;;;;"16,99";;;;;"18,99";
"16152";"3870000393658";"35,90";"3";"24,43";"10";"22,33";"25,13";;;;;"35,90";
"16153";"3870000376729";"35,90";"3";"24,43";"10";"22,33";"25,13";;;;;"35,90";
"16154";"3870000424666";"38,90";"3";"25,83";"10";"24,43";"27,23";;;;;"38,90";
"16155";"3870000394440";"15,90";"3";"15,90";"10";"13,90";"15,90";;;;;"15,90";
"16156";"3870000177548";"17,90";"3";"17,90";"10";"15,90";"17,90";;;;;"17,90";
"16157";"3870000216506";"32,90";"3";"31,90";"10";"28,90";"32,90";;;;;"32,90";
"16158";"2900001000796";"19,90";"3";"18,90";"10";"17,90";"19,90";;;;;"19,90";
"16159";"3870000414179";"37,90";"3";"24,43";"10";"22,33";"26,53";;;;;"37,90";
"16160";"3870000423430";"29,90";"3";"28,90";"10";"26,90";"29,90";;;;;"29,90";
"16161";"8435738620336";"27,90";"3";"26,90";"10";"24,90";"27,90";;;;;"27,90";
"16162";"8435738606811";"27,90";"3";"26,90";"10";"24,90";"27,90";;;;;"27,90";
"16163";"3870000370734";"18,90";"3";"17,90";"10";"16,90";"18,90";;;;;"18,90";
"16165";"9783037884959";"16,00";;;;;"16,00";;;;;"16,00";
"16166";"9783037885796";"25,80";;;;;"25,80";;;;;"25,80";
"16167";"9783037885888";"24,80";;;;;"24,80";;;;;"24,80";
"16168";"9783037886588";"45,00";;;;;"45,00";;;;;"45,00";
"16169";"3870000433989";"19,90";"3";"18,90";"10";"17,90";"19,90";;;;;"19,90";
"16200";"0695102892648";"29,90";;;;;"14,95";;;;;"29,90";
"16201";"0695102892662";"29,90";;;;;"14,95";;;;;"29,90";
"16204";"0695102892686";"29,90";;;;;"14,95";;;;;"29,90";
"16212";"3870000429166";"69,90";"3";"66,90";"10";"61,90";"69,90";;;;;"69,90";
"16213";"9120069231243";"24,90";"10";"22,90";;;"24,90";;;;;"24,90";
"16215";"4260617974880";"1,90";"50";"1,75";;;"1,90";;;;;"1,90";
"16216";"658556060582";"79,90";;;;;"79,90";;;;;"79,90";
"16217";"9335423008571";"319,90";;;;;"319,90";;;;;"319,90";
"16218";"608597215359";"11,90";;;;;"11,90";;;;;"11,90";
"16219";"689319000019";"21,90";;;;;"21,90";;;;;"21,90";
"16220";"689319000026";"59,90";;;;;"59,90";;;;;"59,90";
"16221";"689319000033";"99,90";;;;;"99,90";;;;;"99,90";
"16222";"608597215250";"24,90";;;;;"24,90";;;;;"24,90";
"16223";"608597215267";"79,90";;;;;"79,90";;;;;"79,90";
"16224";"608597215274";"139,90";;;;;"99,90";;;;;"139,90";
"16225";"608597215212";"59,90";;;;;"59,90";;;;;"59,90";
"16227";"3870000433811";"19,90";"3";"18,90";"10";"17,90";"19,90";;;;;"19,90";
"16228";"bfpp3";"33,90";;;;;"27,12";;;;;"33,90";
"16229";"3870000433842";"19,90";"3";"18,90";"10";"17,90";"19,90";;;;;"19,90";
"16230";"8717677610587";"19,90";"3";"18,90";"10";"17,90";"19,90";;;;;"19,90";
"16231";"8717677612901";"25,90";"3";"24,90";"10";"22,90";"25,90";;;;;"25,90";
"16232";"8717677611140";"25,90";"3";"24,90";"10";"22,90";"25,90";;;;;"25,90";
"16233";"8717677611409";"25,90";"3";"24,90";"10";"22,90";"25,90";;;;;"25,90";
"16234";"8717677612031";"37,90";"3";"36,90";"10";"33,90";"37,90";;;;;"37,90";
"16235";"8717677613205";"35,90";"3";"34,90";"10";"31,90";"35,90";;;;;"35,90";
"16236";"8717677613328";"25,90";"3";"24,90";"10";"22,90";"25,90";;;;;"25,90";
"16237";"8717677613298";"25,90";"3";"24,90";"10";"22,90";"25,90";;;;;"25,90";
"16238";"8717677612093";"31,90";"3";"30,90";"10";"28,90";"31,90";;;;;"31,90";
"16239";"8717677612062";"35,90";"3";"34,90";"10";"31,90";"35,90";;;;;"35,90";
"16240";"8717677613021";"21,90";"3";"20,90";"10";"19,90";"21,90";;;;;"21,90";
"16241";"8717677610969";"19,90";"3";"18,90";"10";"17,90";"19,90";;;;;"19,90";
"16242";"8717677610532";"35,90";"3";"34,90";"10";"31,90";"35,90";;;;;"35,90";
"16258";"4260616965780";"19,90";"10";"17,90";;;"19,90";;;;;"19,90";
"16259";"4260616965759";"24,90";"10";"22,90";;;"24,90";;;;;"24,90";
"16261";"5308186640061";"74,90";;;;;"74,90";;;;;"74,90";
"16264";"3870000393740";"34,90";;;;;"24,43";;;;;"34,90";
"16265";"4260617974774";"59,90";"3";"28,45";;;"29,95";;;;;"59,90";
"16266";"673681034734";"169,90";;;;;"169,90";;;;;"169,90";
"16267";"4260617974866";"59,90";;;;;"59,90";;;;;"59,90";
"16272";;"19,90";;;;;"17,91";;;;;"19,90";
"16273";;"19,90";;;;;"17,91";;;;;"19,90";
"16276";"628347730338";"299,90";;;;;"299,90";;;;;"299,90";
"16278";"628347730345";"499,90";;;;;"499,90";;;;;"499,90";
"16279";"628347730413";"69,90";;;;;"69,90";;;;;"69,90";
"16280";"628347730406";"44,90";;;;;"44,90";;;;;"44,90";
"16281";"628347730420";"159,90";;;;;"159,90";;;;;"159,90";
"16282";"873989001333";"299,90";;;;;"299,90";;;;;"299,90";
"16283";"873989001616";"499,90";;;;;"499,90";;;;;"499,90";
"16284";"628347732448";"48,90";;;;;"24,90";;;;;"48,90";
"16285";"873989000589";"95,90";;;;;"59,90";;;;;"95,90";
"16286";"873989001388";"349,90";;;;;"199,90";;;;;"349,90";
"16287";"628347733438";"26,90";;;;;"26,90";;;;;"26,90";
"16288";"628347733445";"98,90";;;;;"98,90";;;;;"98,90";
"16291";"4251848110864";"179,90";;;;;"179,90";;;;;"179,90";
"16293";"4251848110871";"599,90";;;;;"599,90";;;;;"599,90";
"16296";"3870000377597";"29,90";"3";"20,23";"10";"18,83";"20,93";;;;;"29,90";
"16297";"4260617979922";"359,90";"6";"399,90";"13";"389,90";"359,90";;;;;"359,90";
"16301";"3870000433934";"19,90";"3";"18,90";"10";"17,90";"19,90";;;;;"19,90";
"16302";"3870000435204";"19,90";"3";"18,90";"10";"17,90";"19,90";;;;;"19,90";
"16303";"3870000435242";"19,90";"3";"18,90";"10";"17,90";"19,90";;;;;"19,90";
"16304";"3870000433903";"19,90";"3";"18,90";"10";"17,90";"19,90";;;;;"19,90";
"16305";"3870000435181";"19,90";"3";"18,90";"10";"17,90";"19,90";;;;;"19,90";
"16306";"3870000435228";"19,90";"3";"18,90";"10";"17,90";"19,90";;;;;"19,90";
"16307";"3870000433996";"19,90";"3";"18,90";"10";"17,90";"19,90";;;;;"19,90";
"16308";"3870000433736";"19,90";"3";"18,90";"10";"17,90";"19,90";;;;;"19,90";
"16309";"3870000435266";"19,90";"3";"18,90";"10";"17,90";"19,90";;;;;"19,90";
"16310";"3870000433958";"19,90";"3";"18,90";"10";"17,90";"19,90";;;;;"19,90";
"16311";"3870000433910";"19,90";"3";"18,90";"10";"17,90";"19,90";;;;;"19,90";
"16312";"4260617974972";"29,90";;;;;"23,92";;;;;"29,90";
"16313";"4260617974989";"27,90";;;;;"22,32";;;;;"27,90";
"16316";"bfcka3";"27,90";;;;;"22,32";;;;;"27,90";
"16317";"4260617974958";"35,90";;;;;"28,72";;;;;"35,90";
"16318";"bfpk3";"27,90";;;;;"22,32";;;;;"27,90";
"16320";"8721284494362";"229,00";;;;;"229,00";;;;;"229,00";
"16323";"8721284494287";"399,00";;;;;"399,00";;;;;"399,00";
"16327";"8721284494553";"1199,00";;;;;"1199,00";;;;;"1199,00";
"16329";"8721284494492";"999,00";;;;;"999,00";;;;;"999,00";
"16331";"8721284494386";"89,90";;;;;"89,90";;;;;"89,90";
"16338";"4260617975030";"24,90";;;;;"24,90";;;;;"24,90";
"16342";"4260617975078";"24,90";;;;;"24,90";;;;;"24,90";
"16344";"4260617975092";"24,90";;;;;"24,90";;;;;"24,90";
"16345";"4260617975108";"24,90";;;;;"24,90";;;;;"24,90";
"16346";"4260617975115";"24,90";;;;;"24,90";;;;;"24,90";
"16347";"4260617975122";"24,90";;;;;"19,90";;;;;"24,90";
"16349";"4260617975146";"24,90";;;;;"19,90";;;;;"24,90";
"16351";"4260617975160";"24,90";;;;;"24,90";;;;;"24,90";
"16352";"4260617975177";"24,90";;;;;"24,90";;;;;"24,90";
"16354";"4260617975191";"24,90";;;;;"24,90";;;;;"24,90";
"16355";"4260617975207";"24,90";;;;;"24,90";;;;;"24,90";
"16356";"4260617975214";"24,90";;;;;"24,90";;;;;"24,90";
"16357";"4260617975221";"24,90";;;;;"24,90";;;;;"24,90";
"16358";"4260617975238";"24,90";;;;;"19,90";;;;;"24,90";
"16359";"4260617975245";"24,90";;;;;"24,90";;;;;"24,90";
"16360";"850038693541";"99,90";;;;;"89,91";;;;;"99,90";
"16361";"850038693589";"99,90";;;;;"89,91";;;;;"99,90";
"16362";"850038693565";"99,90";;;;;"89,91";;;;;"99,90";
"16364";"8718403232967";"6,90";;;;;"6,21";;;;;"6,90";
"16366";"4260617975320";"35,90";;;;;"28,72";;;;;"35,90";
"16367";"4260617975313";"35,90";;;;;"28,72";;;;;"35,90";
"16368";"4260617975306";"27,90";;;;;"22,32";;;;;"27,90";
"16369";"bfcp3";"35,90";;;;;"28,72";;;;;"35,90";
"16370";"bfgmoc3";"34,50";;;;;"27,60";;;;;"34,50";
"16371";"4260617975290";"37,90";;;;;"30,32";;;;;"37,90";
"16372";"4260617975252";"36,90";;;;;"29,52";;;;;"36,90";
"16373";"4260617975283";"22,90";;;;;"18,32";;;;;"22,90";
"16375";"850038693459";"169,00";;;;;"152,10";;;;;"169,00";
"16376";"850038693473";"169,00";;;;;"152,10";;;;;"169,00";
"16377";"850038693466";"169,00";;;;;"152,10";;;;;"169,00";
"16378";"819137024403";"199,00";;;;;"199,00";;;;;"199,00";
"16380";"3870000438939";"19,99";;;;;"19,99";;;;;"19,99";
"16381";"3870000438946";"19,99";;;;;"19,99";;;;;"19,99";
"16382";"3870000438960";"19,99";;;;;"19,99";;;;;"19,99";
"16383";"3870000438977";"19,99";;;;;"19,99";;;;;"19,99";
"16384";"3870000438991";"19,99";;;;;"19,99";;;;;"19,99";
"16385";"3870000439004";"19,99";;;;;"19,99";;;;;"19,99";
"16386";"3870000439011";"19,99";;;;;"19,99";;;;;"19,99";
"16387";"3870000438953";"19,99";;;;;"19,99";;;;;"19,99";
"16388";"3870000439028";"19,99";;;;;"19,99";;;;;"19,99";
"16389";"3870000439035";"19,99";;;;;"19,99";;;;;"19,99";
"16390";"3870000439042";"19,99";;;;;"19,99";;;;;"19,99";
"16391";"3870000439059";"38,99";;;;;"38,99";;;;;"38,99";
"16392";"3870000439110";"38,99";;;;;"38,99";;;;;"38,99";
"16393";"3870000439080";"36,99";;;;;"36,99";;;;;"36,99";
"16395";"032022845505";"39,90";;;;;"39,90";;;;;"39,90";
"16396";"3870000438984";"19,99";;;;;"19,99";;;;;"19,99";
"16398";"3870000439417";"49,99";;;;;"49,99";;;;;"49,99";
"16402";"850038693114";"39,90";;;;;"35,91";;;;;"39,90";
"16403";"850038693206";"59,90";;;;;"53,91";;;;;"59,90";
"16404";"850038693176";"34,90";;;;;"31,41";;;;;"34,90";
"16405";"850038693145";"34,90";;;;;"31,41";;;;;"34,90";
"16406";"850038693855";"15,90";;;;;"14,31";;;;;"15,90";
"16407";"850038693862";"39,90";;;;;"35,91";;;;;"39,90";
"16408";"850038693640";"89,90";;;;;"80,91";;;;;"89,90";
"16409";"819137024434";"119,00";;;;;"119,00";;;;;"119,00";
"16410";"819137022461";"95,00";;;;;"95,00";;;;;"95,00";
"16411";"819137024779";"59,99";;;;;"59,99";;;;;"59,99";
"16412";"4260617970509";"5,90";;;;;"5,90";;;;;"5,90";
"16413";"bflha3";"34,90";;;;;"27,92";;;;;"34,90";
"16414";"bfogka";"27,90";;;;;"22,32";;;;;"27,90";
"16415";"4203603";"34,99";;;;;"34,99";;;;;"34,99";
"16416";"4203003";"34,99";;;;;"34,99";;;;;"34,99";
"16417";"4200103";"29,99";;;;;"29,99";;;;;"29,99";
"16418";"4203903";"34,99";;;;;"34,99";;;;;"34,99";
"16419";"4206103";"34,99";;;;;"34,99";;;;;"34,99";
"16422";"4205303";"34,99";;;;;"34,99";;;;;"34,99";
"16424";"4240103";"39,00";;;;;"39,00";;;;;"39,00";
"16425";"4240303";"59,00";;;;;"59,00";;;;;"59,00";
"16426";"4240203";"34,99";;;;;"34,99";;;;;"34,99";
"16427";"4240403";"34,99";;;;;"34,99";;;;;"34,99";
"16428";"4240503";"34,99";;;;;"34,99";;;;;"34,99";
"16429";"bfcc";"35,90";;;;;"28,72";;;;;"35,90";
"16430";"4260617970455";"2490,00";;;;;"2490,00";;;;;"2490,00";
"16431";"bfbgg3";"35,90";;;;;"28,72";;;;;"35,90";
"16432";"3870000297062";"20,99";;;;;"20,99";;;;;"20,99";
"16433";"3870000136149";"18,00";;;;;"18,00";;;;;"18,00";
"16434";"3870000437079";"23,99";;;;;"23,99";;;;;"23,99";
"16435";"3870000423324";"23,99";;;;;"23,99";;;;;"23,99";
"16436";"3870000411215";"26,99";;;;;"26,99";;;;;"26,99";
"16437";"3870000331322";"23,99";;;;;"23,99";;;;;"23,99";
"16439";"3870000297109";"23,99";;;;;"23,99";;;;;"23,99";
"16440";"3870000182252";"20,99";;;;;"20,99";;;;;"20,99";
"16441";"3870000331353";"23,99";;;;;"23,99";;;;;"23,99";
"16443";"3870000423270";"23,99";;;;;"23,99";;;;;"23,99";
"16444";"8720246571257";"35,99";;;;;"35,99";;;;;"35,99";
"16445";"8720246571295";"29,99";;;;;"29,99";;;;;"29,99";
"16446";"8720246574623";"39,99";;;;;"39,99";;;;;"39,99";
"16447";"4260617979618";"9,90";;;;;"9,90";;;;;"9,90";
"16448";"4260617979632";"16,90";;;;;"16,90";;;;;"16,90";
"16449";"8720246571479";"36,99";;;;;"36,99";;;;;"36,99";
"16450";"8717729822296";"36,99";;;;;"36,99";;;;;"36,99";
"16451";"8720246577709";"46,99";;;;;"46,99";;;;;"46,99";
"16452";"8720246575439";"39,99";;;;;"39,99";;;;;"39,99";
"16453";"8720246570052";"36,99";;;;;"36,99";;;;;"36,99";
"16454";"8720246575392";"39,99";;;;;"39,99";;;;;"39,99";
"16455";"8720246575477";"38,99";;;;;"38,99";;;;;"38,99";
"16457";"8720246572179";"29,99";;;;;"29,99";;;;;"29,99";
"16458";"5034517011025";"13,90";;;;;"13,90";;;;;"13,90";
"16464";"8720246578102";"38,99";;;;;"38,99";;;;;"38,99";
"16465";"8720246574005";"38,99";;;;;"38,99";;;;;"38,99";
"16466";"8720246574043";"38,99";;;;;"38,99";;;;;"38,99";
"16468";"4260617975351";"24,90";;;;;"24,90";;;;;"24,90";
"16469";"4260617975368";"24,90";;;;;"24,90";;;;;"24,90";
"16470";"4260617975375";"24,90";;;;;"24,90";;;;;"24,90";
"16471";"4260617975382";"24,90";;;;;"24,90";;;;;"24,90";
"16472";"4260617975399";"24,90";;;;;"24,90";;;;;"24,90";
"16474";"4260617975412";"24,90";;;;;"24,90";;;;;"24,90";
"16475";"4260617975429";"24,90";;;;;"24,90";;;;;"24,90";
"16476";"4260617975436";"24,90";;;;;"24,90";;;;;"24,90";
"16478";"4260617975450";"24,90";;;;;"19,90";;;;;"24,90";
"16479";"4260617975467";"24,90";;;;;"19,90";;;;;"24,90";
"16483";"3870000444770";"109,90";;;;;"109,90";;;;;"109,90";
"16484";"3870000444763";"109,90";;;;;"109,90";;;;;"109,90";
"16492";"3870000444725";"109,90";;;;;"109,90";;;;;"109,90";
"16494";"3870000444794";"109,90";;;;;"109,90";;;;;"109,90";
"16495";"3870000444787";"109,90";;;;;"109,90";;;;;"109,90";
"16501";"4260617975481";"1,90";;;;;"1,90";;;;;"1,90";
"16795";"4170000111962";"22,90";;;;;"22,90";;;;;"22,90";
"16796";"4170000115847";"41,90";;;;;"41,90";;;;;"41,90";
"16797";"4170000127642";"9,90";;;;;"9,90";;;;;"9,90";
"16798";"4270004539608";"39,90";;;;;"39,90";;;;;"39,90";
"16799";"4270004539615";"9,90";;;;;"9,90";;;;;"9,90";
"16800";"4270004539622";"39,00";;;;;"39,00";;;;;"39,00";
"16804";"4260617979724";"59,90";;;;;"59,90";;;;;"59,90";
"16805";"4260617979663";"5,90";;;;;"5,90";;;;;"5,90";
"16807";"4260617979670";"7,90";;;;;"7,90";;;;;"7,90";
"16808";"4260617979687";"1,50";;;;;"1,50";;;;;"1,50";
"16810";"4260617979700";"2,90";;;;;"2,90";;;;;"2,90";
"16811";"4260617979717";"3,50";;;;;"3,50";;;;;"3,50";
"16812";"4260617979649";"14,90";;;;;"14,90";;;;;"14,90";
"16813";"5425030260012";"12,90";;;;;"12,90";;;;;"12,90";
"16816";"4262522120468";"19,99";;;;;"14,99";;;;;"19,99";
"16817";"4262522120482";"19,99";;;;;"14,99";;;;;"19,99";
"16818";"4262522120499";"19,99";;;;;"14,99";;;;;"19,99";
"16819";"4262522120505";"19,99";;;;;"14,99";;;;;"19,99";
"16820";"4262522120543";"19,99";;;;;"14,99";;;;;"19,99";
"16821";"4262522120574";"19,99";;;;;"14,99";;;;;"19,99";
"16822";"4262522120659";"19,99";;;;;"14,99";;;;;"19,99";
"16823";"4262522120352";"19,99";;;;;"14,99";;;;;"19,99";
"16824";"4262522120338";"19,99";;;;;"14,99";;;;;"19,99";
"16827";"4262522120017";"19,99";;;;;"14,99";;;;;"19,99";
"16828";"4262522120284";"19,99";;;;;"14,99";;;;;"19,99";
"16830";"4262522120291";"19,99";;;;;"14,99";;;;;"19,99";
"16831";"4262522120758";"19,99";;;;;"14,99";;;;;"19,99";
"16832";"4262522120680";"19,99";;;;;"14,99";;;;;"19,99";
"16833";"4262522120529";"19,99";;;;;"14,99";;;;;"19,99";
"16835";"4262522120444";"19,99";;;;;"14,99";;;;;"19,99";
"16836";"4262522120369";"19,99";;;;;"14,99";;;;;"19,99";
"16838";"4262522120147";"19,99";;;;;"14,99";;;;;"19,99";
"16842";"5060151872999";"6,95";;;;;"6,95";;;;;"6,95";
"16843";;"18,90";;;;;"18,90";;;;;"18,90";
"16844";"5060151873156";"36,95";;;;;"36,95";;;;;"36,95";
"16851";;"28,90";;;;;"14,45";;;;;"28,90";
"16852";"KHK3";"28,90";;;;;"14,45";;;;;"28,90";
"16853";"KHK5";"37,90";;;;;"18,95";;;;;"37,90";
"16854";"8717202904495";"31,90";;;;;"31,90";;;;;"31,90";
"16855";"8594171432019";"999,90";;;;;"999,90";;;;;"999,90";
"16856";;"3,50";;;;;"1,90";;;;;"3,50";
"16858";"819137020856";"329,00";;;;;"329,00";;;;;"329,00";
"16859";"819137021006";"449,00";;;;;"449,00";;;;;"449,00";
"16860";"8435405310232";"13,90";;;;;"13,90";;;;;"13,90";
"16861";"3760172783275";"7,90";;;;;"7,90";;;;;"7,90";
"16863";"4262522120321";"19,99";;;;;"14,99";;;;;"19,99";
"16866";"4262522120314";"19,99";;;;;"14,99";;;;;"19,99";
"16867";"4262522120642";"19,99";;;;;"14,99";;;;;"19,99";
"16868";"4262522120772";"19,99";;;;;"14,99";;;;;"19,99";
"16869";"4262522120666";"19,99";;;;;"14,99";;;;;"19,99";
"16870";"8717202909759";"71,00";;;;;"71,00";;;;;"71,00";
"16871";"850038693879";"179,90";;;;;"161,91";;;;;"179,90";
"16872";"850038693602";"99,90";;;;;"89,91";;;;;"99,90";
"16873";"850038693619";"179,90";;;;;"161,91";;;;;"179,90";
"16874";"850038693121";"169,90";;;;;"152,91";;;;;"169,90";
"16875";"850038693152";"169,90";;;;;"152,91";;;;;"169,90";
"16876";"850038693183";"159,90";;;;;"143,91";;;;;"159,90";
"16877";"850038693213";"219,90";;;;;"197,91";;;;;"219,90";
"16880";;"159,90";;;;;"143,91";;;;;"159,90";
"16881";"850038693961";"59,90";;;;;"53,91";;;;;"59,90";
"16882";"850038693978";"139,90";;;;;"125,91";;;;;"139,90";
"16883";"4262522120086";"19,99";;;;;"14,99";;;;;"19,99";
"16884";"9120069233568";"15,90";;;;;"15,90";;;;;"15,90";
"16885";"4260616966466";"1,90";;;;;"1,90";;;;;"1,90";
"16886";"4260616966473";"2,90";;;;;"2,90";;;;;"2,90";
"16887";"8721249602009";"76,95";;;;;"76,95";;;;;"76,95";
"16888";"8721249602016";"72,95";;;;;"72,95";;;;;"72,95";
"16889";"8721249602030";"99,95";;;;;"99,95";;;;;"99,95";
"16890";"8721249602085";"139,95";;;;;"139,95";;;;;"139,95";
"16891";"8721249602092";"149,95";;;;;"149,95";;;;;"149,95";
"16892";"8721249602108";"749,95";;;;;"749,95";;;;;"749,95";
"16893";"8721249602122";"239,95";;;;;"239,95";;;;;"239,95";
"16894";"08721249602139";"449,95";;;;;"449,95";;;;;"449,95";
"16895";"08721249602146";"639,95";;;;;"639,95";;;;;"639,95";
"16896";"08721249602177";"75,00";;;;;"75,00";;;;;"75,00";
"16897";"08721249602184";"140,00";;;;;"140,00";;;;;"140,00";
"16898";"4260617970516";"209,90";;;;;"149,90";;;;;"209,90";
"16900";"3870000405405";"55,99";;;;;"55,99";;;;;"55,99";
"16902";"3870000444565";"55,99";;;;;"55,99";;;;;"55,99";
"16903";"3870000444572";"55,99";;;;;"55,99";;;;;"55,99";
"16904";"3870000429388";"55,99";;;;;"55,99";;;;;"55,99";
"16905";"3870000405429";"55,99";;;;;"55,99";;;;;"55,99";
"16906";"3870000429401";"55,99";;;;;"55,99";;;;;"55,99";
"16907";"BFTrpC";"36,90";;;;;"29,52";;;;;"36,90";
"16908";"BFInOG3";"37,90";;;;;"30,32";;;;;"37,90";
"16909";"BFDoPF";"37,99";;;;;"30,39";;;;;"37,99";
"16913";"4003468020821";"16,90";;;;;"16,90";;;;;"16,90";
"16916";"3870000444800";"109,90";;;;;"109,90";;;;;"109,90";
"16917";"3870000444824";"109,90";;;;;"109,90";;;;;"109,90";
"16919";"5060151876386";"12,90";;;;;"12,90";;;;;"12,90";
"16920";"8718403232134";"12,90";;;;;"11,61";;;;;"12,90";
"16921";"8718403232608";"11,46";;;;;"10,31";;;;;"11,46";
"16923";"8718403231502";"89,70";;;;;"80,73";;;;;"89,70";
"16924";"5060151875488";"89,90";;;;;"89,90";;;;;"89,90";
"16927";"819137020849";"199,00";;;;;"199,00";;;;;"199,00";
"16928";"5034517150397";"8,90";;;;;"8,90";;;;;"8,90";
"16929";"5034517150410";"7,90";;;;;"7,90";;;;;"7,90";
"16930";"7611034013916";"199,90";;;;;"199,90";;;;;"199,90";
"16931";"3870000391944";"44,90";;;;;"44,90";;;;;"44,90";
"16932";"3870000159018";"79,90";;;;;"79,90";;;;;"79,90";
"16933";"774783494935";"189,00";;;;;"189,00";;;;;"189,00";
"16934";"8718232387562";"499,00";;;;;"499,00";;;;;"499,00";
"16935";"774783490364";"349,00";;;;;"349,00";;;;;"349,00";
"16936";"8718232408311";"240,00";;;;;"240,00";;;;;"240,00";
"16937";"8718403231465";"19,90";;;;;"17,91";;;;;"19,90";
"16939";;"27,90";;;;;"27,90";;;;;"27,90";
"16940";;"39,90";;;;;"39,90";;;;;"39,90";
"16941";"819137022577";"159,00";;;;;"159,00";;;;;"159,00";
"16942";"5034517301034";"24,90";;;;;"12,90";;;;;"24,90";
"16944";"5034517301041";"34,90";;;;;"19,90";;;;;"34,90";
"16946";"9120089670053";"349,90";;;;;"179,90";;;;;"349,90";
"16948";"097121212283";"99,90";;;;;"99,90";;;;;"99,90";
"16950";"860011221456";"95,90";;;;;"86,31";;;;;"95,90";
"16953";"802359000829";"599,90";;;;;"599,90";;;;;"599,90";
"16954";"802359003707";"399,00";;;;;"399,00";;;;;"399,00";
"16955";"854064008607";"59,24";;;;;"37,90";;;;;"59,24";
"16956";"854064008614";"192,59";;;;;"164,90";;;;;"192,59";
"16957";"5406400862";"749,90";;;;;"699,90";;;;;"749,90";
"16958";"854064008560";"59,24";;;;;"51,90";;;;;"59,24";
"16961";"4262522120918";"24,99";;;;;"18,74";;;;;"24,99";
"16962";"4262522120833";"24,99";;;;;"18,74";;;;;"24,99";
"16963";"4262522120826";"24,99";;;;;"18,74";;;;;"24,99";
"16964";"4262522120840";"24,99";;;;;"18,74";;;;;"24,99";
"16965";"4270004900903";"64,95";;;;;"64,95";;;;;"64,95";
"16966";"4230203";"34,99";;;;;"34,99";;;;;"34,99";
"16967";"4230603";"34,99";;;;;"34,99";;;;;"34,99";
"16968";"4204703";"34,99";;;;;"34,99";;;;;"34,99";
"16972";"4260617972428";"199,90";;;;;"199,90";;;;;"199,90";
"16973";"8720188275428";"13,90";;;;;"18,90";;;;;"18,90";
"16974";;"849,90";;;;;"849,90";;;;;"849,90";
"16975";"bfap3";"29,90";;;;;"23,92";;;;;"29,90";
"16976";;"449,00";;;;;"339,00";;;;;"449,00";
"16977";"bfmb3";"13,90";;;;;"11,12";;;;;"13,90";
"16978";"bficc3";"29,90";;;;;"23,92";;;;;"29,90";
"16979";"bfwwxxl";"31,90";;;;;"25,52";;;;;"31,90";
"16980";"4260617975559";"32,90";;;;;"26,32";;;;;"32,90";
"16981";"bff3b3";"32,90";;;;;"26,32";;;;;"32,90";
"16983";"4260617975511";"32,90";;;;;"26,32";;;;;"32,90";
"16984";"4260617975504";"32,90";;;;;"26,32";;;;;"32,90";
"16986";"ET10PR15";"79,99";;;;;"79,99";;;;;"79,99";
"16987";"4260617975658";"79,99";;;;;"79,99";;;;;"79,99";
"16988";"ETBHRBX5";"79,99";;;;;"79,99";;;;;"79,99";
"16989";"ETGSR25";"79,99";;;;;"79,99";;;;;"79,99";
"16990";"ETGDR25";"79,99";;;;;"79,99";;;;;"79,99";
"16991";"ETLCPR15";"79,99";;;;;"79,99";;;;;"79,99";
"16992";"ETLDRBX25";"79,99";;;;;"79,99";;;;;"79,99";
"16993";"ETVURBX5";"79,99";;;;;"79,99";;;;;"79,99";
"16994";"ETSLHRBX35";"79,99";;;;;"79,99";;;;;"79,99";
"16996";"4260617975528";"34,90";;;;;"27,92";;;;;"34,90";
"16998";"4260616960068";"29,90";"10";"26,90";;;"29,90";;;;;"29,90";
"16999";;"8,90";;;;;"8,90";;;;;"8,90";
"17000";;"1,99";;;;;"1,99";;;;;"1,99";
"17002";"8748531715025";"629,00";;;;;"499,90";;;;;"629,00";
"17004";"IHGBC3";"79,99";;;;;"79,99";;;;;"79,99";
"17005";"IHGM3";"79,99";;;;;"79,99";;;;;"79,99";
"17006";"IHGP3";"79,99";;;;;"79,99";;;;;"79,99";
"17007";"IHGPD3";"79,99";;;;;"79,99";;;;;"79,99";
"17008";"IHGPG3";"79,99";;;;;"79,99";;;;;"79,99";
"17009";"IHGPPC3";"79,99";;;;;"79,99";;;;;"79,99";
"17010";"IHGS73";"79,99";;;;;"79,99";;;;;"79,99";
"17011";"IHGSIX3";"79,99";;;;;"79,99";;;;;"79,99";
"17012";"IHGSC3";"79,99";;;;;"79,99";;;;;"79,99";
"17013";"IHGBC3";"79,99";;;;;"79,99";;;;;"79,99";
"17014";"IHGB3";"79,99";;;;;"79,99";;;;;"79,99";
"17015";"IHGDSC3";"79,99";;;;;"79,99";;;;;"79,99";
"17016";"IHGDS13";"79,99";;;;;"79,99";;;;;"79,99";
"17017";"IHGFG3";"79,99";;;;;"79,99";;;;;"79,99";
"17018";"IHGFG3";"79,99";;;;;"79,99";;;;;"79,99";
"17019";"IHGJBS13";"79,99";;;;;"79,99";;;;;"79,99";
"17020";"IHGTG3";"79,99";;;;;"79,99";;;;;"79,99";
"17021";"3870000376699";"34,99";;;;;"24,49";;;;;"34,99";
"17022";"3870000438274";"34,99";;;;;"24,49";;;;;"34,99";
"17023";"3870000408260";"35,99";;;;;"25,19";;;;;"35,99";
"17024";"3870000438342";"36,99";;;;;"25,89";;;;;"36,99";
"17025";"3870000377870";"29,99";;;;;"20,99";;;;;"29,99";
"17026";"3870000438380";"33,99";;;;;"23,79";;;;;"33,99";
"17027";"3870000438359";"38,99";;;;;"27,29";;;;;"38,99";
"17028";"3870000376965";"31,99";;;;;"22,39";;;;;"31,99";
"17029";"3870000376972";"34,99";;;;;"24,49";;;;;"34,99";
"17030";"3870000424703";"36,99";;;;;"25,89";;;;;"36,99";
"17031";"3870000438366";"38,99";;;;;"27,29";;;;;"38,99";
"17032";"3870000408253";"34,99";;;;;"24,49";;;;;"34,99";
"17033";"3870000438373";"38,99";;;;;"27,29";;;;;"38,99";
"17034";"3870000424727";"37,99";;;;;"26,59";;;;;"37,99";
"17035";"3870000414131";"37,99";;;;;"26,59";;;;;"37,99";
"17036";"3870000438335";"35,99";;;;;"25,19";;;;;"35,99";
"17037";"3870000438311";"37,99";;;;;"26,59";;;;;"37,99";
"17038";"3870000438410";"27,99";;;;;"19,59";;;;;"27,99";
"17039";"1870804376828";"33,99";;;;;"23,79";;;;;"33,99";
"17040";"3870000438304";"38,99";;;;;"27,29";;;;;"38,99";
"17041";"3870000438298";"37,99";;;;;"26,59";;;;;"37,99";
"17042";"3870000393696";"35,99";;;;;"25,19";;;;;"35,99";
"17043";"3870000376774";"36,99";;;;;"25,89";;;;;"36,99";
"17044";"3870000393641";"35,99";;;;;"25,19";;;;;"35,99";
"17045";"3870000438281";"38,99";;;;;"27,29";;;;;"38,99";
"17046";"3870000376712";"34,99";;;;;"24,49";;;;;"34,99";
"17047";"3870000414087";"36,99";;;;;"25,89";;;;;"36,99";
"17048";"3870000414100";"36,99";;;;;"25,89";;;;;"36,99";
"17049";"4260421717000";"299,00";;;;;"199,90";;;;;"299,00";
"17050";"4260421717017";"16,90";"2";"12,90";"4";"12,90";"12,90";;;;;"16,90";
"17051";"8720246577884";"3,90";;;;;"3,12";;;;;"3,90";
"17052";"8720246577846";"6,90";;;;;"5,52";;;;;"6,90";
"17053";"8720246577860";"14,90";;;;;"11,92";;;;;"14,90";
"17054";"PLAHLF0000125";"17,90";;;;;"17,90";;;;;"17,90";
"17055";"PLAHLF0000200";"26,90";;;;;"26,90";;;;;"26,90";
"17056";"PLAHLF0000250";"29,90";;;;;"29,90";;;;;"29,90";
"17058";;"12,90";;;;;"12,90";;;;;"12,90";
"17059";"PLA0SP00160016";"12,90";;;;;"12,90";;;;;"12,90";
"17060";"PLA0SP00190019";"12,90";;;;;"12,90";;;;;"12,90";
"17061";"PLA0SP00220022";"12,90";;;;;"12,90";;;;;"12,90";
"17065";"819137021853";"439,00";;;;;"439,00";;;;;"439,00";
"17066";"bftd3";"29,99";;;;;"23,99";;;;;"29,99";
"17067";"bfsda";"32,90";;;;;"26,32";;;;;"32,90";
"17068";"bflb";"30,90";;;;;"24,72";;;;;"30,90";
"17069";"4262522121007";"24,99";;;;;"18,74";;;;;"24,99";
"17070";"4262522121021";"24,99";;;;;"18,74";;;;;"24,99";
"17071";"4262522121168";"24,99";;;;;"18,74";;;;;"24,99";
"17072";"4262522121120";"24,99";;;;;"18,74";;;;;"24,99";
"17073";"4260617979779";"449,90";;;;;"449,90";;;;;"449,90";
"17074";"4260617970554";"19,90";;;;;"19,90";;;;;"19,90";
"17075";"4262522121151";"24,99";;;;;"18,74";;;;;"24,99";
"17076";"4262522121083";"24,99";;;;;"18,74";;;;;"24,99";
"17077";"4262522120963";"24,99";;;;;"18,74";;;;;"24,99";
"17078";"4262522121069";"24,99";;;;;"18,74";;;;;"24,99";
"17079";"4262522121014";"24,99";;;;;"18,74";;;;;"24,99";
"17080";"4262522121106";"24,99";;;;;"18,74";;;;;"24,99";
"17081";"4262522120994";"24,99";;;;;"18,74";;;;;"24,99";
"17082";"04262522121045";"24,99";;;;;"18,74";;;;;"24,99";
"17084";"4262522121113";"24,99";;;;;"18,74";;;;;"24,99";
"17086";"4024102311334";"11,95";;;;;"11,95";;;;;"11,95";
"17087";"4024102311310";"19,95";;;;;"19,95";;;;;"19,95";
"17088";"975544689224";"54,90";;;;;"54,90";;;;;"54,90";
"17092";"819137024755";"26,99";;;;;"26,99";;;;;"26,99";
"17093";"8720844079674";"289,00";;;;;"199,90";;;;;"289,00";
"17094";"ecgsr1";"79,99";;;;;"79,99";;;;;"79,99";
"17095";"emcv2";"79,99";;;;;"79,99";;;;;"79,99";
"17097";"ETPSRBX25";"79,99";;;;;"79,99";;;;;"79,99";
"17098";"ETSGR15";"79,99";;;;;"79,99";;;;;"79,99";
"17099";"ETPOR15";"79,99";;;;;"79,99";;;;;"79,99";
"17100";"ETGBOF5";"79,99";;;;;"79,99";;;;;"79,99";
"17101";"ETEGTPL5";"79,99";;;;;"79,99";;;;;"79,99";
"17102";"ETCOGRBX5";"79,99";;;;;"79,99";;;;;"79,99";
"17103";"ETCPOG5";"79,99";;;;;"79,99";;;;;"79,99";
"17105";"ETWS15";"79,99";;;;;"79,99";;;;;"79,99";
"17106";"ETMCNR15";"79,99";;;;;"79,99";;;;;"79,99";
"17107";"ETPR15";"79,99";;;;;"79,99";;;;;"79,99";
"17108";"ETATSR15";"79,99";;;;;"79,99";;;;;"79,99";
"17109";"ETDNSRBX15";"79,99";;;;;"79,99";;;;;"79,99";
"17110";"ETNR15";"79,99";;;;;"79,99";;;;;"79,99";
"17111";"ETWWRBX15";"89,99";;;;;"89,99";;;;;"89,99";
"17112";"ETSCOGR15";"79,99";;;;;"79,99";;;;;"79,99";
"17113";"ETPSR15";"79,99";;;;;"79,99";;;;;"79,99";
"17114";"ETOKCR15";"79,99";;;;;"79,99";;;;;"79,99";
"17115";"ETFSRBX5";"79,99";;;;;"79,99";;;;;"79,99";
"17116";"ETCR2";"79,99";;;;;"79,99";;;;;"79,99";
"17117";"ETAR15";"79,99";;;;;"79,99";;;;;"79,99";
"17118";"ETCRBX15";"79,99";;;;;"79,99";;;;;"79,99";
"17119";"ETCSRBX5";"79,99";;;;;"79,99";;;;;"79,99";
"17120";"ETBBRBX5";"79,99";;;;;"79,99";;;;;"79,99";
"17124";"8720188238287";"12,90";;;;;"11,61";;;;;"12,90";
"17125";;"5,90";;;;;"5,90";;;;;"5,90";
"17126";"bfogkf";"29,90";;;;;"23,92";;;;;"29,90";
"17127";;"799,90";;;;;"799,90";;;;;"799,90";
"17128";;"1049,00";;;;;"1049,00";;;;;"1049,00";
"17130";"bfal3";"29,90";;;;;"23,92";;;;;"29,90";
"17131";"bfbk3";"28,90";;;;;"23,12";;;;;"28,90";
"17132";"bfbc3";"32,90";;;;;"26,32";;;;;"32,90";
"17133";"bfrm3";"27,99";;;;;"22,39";;;;;"27,99";
"17134";"bfsc3";"30,90";;;;;"24,72";;;;;"30,90";
"17135";"bfpe3";"30,90";;;;;"24,72";;;;;"30,90";
"17136";"bfwr3";"27,90";;;;;"22,32";;;;;"27,90";
"17137";"bfill3";"37,90";;;;;"30,32";;;;;"37,90";
"17138";"bftb3";"32,90";;;;;"26,32";;;;;"32,90";
"17139";"bfsl3";"32,90";;;;;"26,32";;;;;"32,90";
"17140";"bfs3";"32,99";;;;;"26,39";;;;;"32,99";
"17141";"bflfg3";"38,90";;;;;"31,12";;;;;"38,90";
"17143";"4260617970523";"3,99";;;;;"3,99";;;;;"3,99";
"17144";"5034517300099";"44,90";;;;;"44,90";;;;;"44,90";
"17145";"5034517300112";"59,90";;;;;"49,90";;;;;"59,90";
"17146";"8720938583261";"149,00";;;;;"149,00";;;;;"149,00";
"17147";"8720938583278";"149,90";;;;;"149,90";;;;;"149,90";
"17150";"802359000720";"799,00";;;;;"799,00";;;;;"799,00";
"17151";"4262522121199";"24,99";;;;;"18,74";;;;;"24,99";
"17152";"4262522121137";"24,99";;;;;"18,74";;;;;"24,99";
"17153";"4262522120819";"24,99";;;;;"18,74";;;;;"24,99";
"17162";"819137024274";"42,99";;;;;"42,99";;;;;"42,99";
"17163";"819137025028";"27,99";;;;;"27,99";;;;;"27,99";
"17165";"5034517215836";"159,90";;;;;"159,90";;;;;"159,90";
"17167";"8718924650158";"8,90";;;;;"8,90";;;;;"8,90";
"17168";"8718924650509";"10,90";;;;;"10,90";;;;;"10,90";
"17172";;"0,70";;;;;"0,70";;;;;"0,70";
"17173";"4260617971490";"3,50";;;;;"3,50";;;;;"3,50";
"17174";"4260617971506";"4,90";;;;;"4,90";;;;;"4,90";
"17179";"4260617975689";"449,00";"3";"249,90";"10";"249,90";"249,90";;;;;"449,00";
"17183";"5034517301058";"49,90";;;;;"49,90";;;;;"49,90";
"17187";"3870000444732";"99,90";;;;;"99,90";;;;;"99,90";
"17188";"SFSWOL6";"109,99";;;;;"109,99";;;;;"109,99";
"17189";"SFLB6";"109,99";;;;;"109,99";;;;;"109,99";
"17190";"SFSC6";"109,99";;;;;"109,99";;;;;"109,99";
"17191";"IHGGS3";"79,99";;;;;"79,99";;;;;"79,99";
"17192";"IHGBCF3";"79,99";;;;;"79,99";;;;;"79,99";
"17193";"IHGPKB3";"79,99";;;;;"79,99";;;;;"79,99";
"17194";"bfhk3";"31,90";;;;;"25,52";;;;;"31,90";
"17195";"bfppld3";"28,99";;;;;"23,19";;;;;"28,99";
"17196";"SFSS6";"109,90";;;;;"109,90";;;;;"109,90";
"17198";"8719189432350";"99,90";;;;;"49,90";;;;;"99,90";
"17199";"854064008584";"219,90";;;;;"219,90";;;;;"219,90";
"17200";"ETELB5";"79,99";;;;;"79,99";;;;;"79,99";
"17201";"ETLBCOG5";"79,99";;;;;"79,99";;;;;"79,99";
"17202";"ETSH5";"79,99";;;;;"79,99";;;;;"79,99";
"17203";"ETDBB5";"79,99";;;;;"79,99";;;;;"79,99";
"17208";"4014663842774";"14,90";;;;;"14,90";;;;;"14,90";
"17209";"4014663842736";"14,90";;;;;"14,90";;;;;"14,90";
"17211";"HSOMW3";"28,90";;;;;"28,90";;;;;"28,90";
"17212";"ETMB5";"79,99";;;;;"79,99";;;;;"79,99";
"17213";"4260617970066";"5,90";;;;;"5,01";;;;;"5,90";
"17221";"ETMBRBX15";"79,99";;;;;"79,99";;;;;"79,99";
"17222";"IHGDC3";"79,99";;;;;"79,99";;;;;"79,99";
"17223";"9421024920944";"129,90";;;;;"129,90";;;;;"129,90";
"17225";"bbsSLH10";"24,90";;;;;"19,90";;;;;"24,90";
"17227";"85003869398";"559,90";;;;;"503,91";;;;;"559,90";
"17229";"3760172785347";"30,90";;;;;"30,90";;;;;"30,90";
"17233";"4260617970288";"119,00";;;;;"119,00";;;;;"119,00";
"17238";"bfjc3";"37,90";;;;;"30,32";;;;;"37,90";
"17240";"658556060575";"24,90";;;;;"14,90";;;;;"24,90";
"17241";"4260617979748";"199,90";;;;;"199,90";;;;;"199,90";
"17242";"4260617974187";"99,90";;;;;"99,90";;;;;"99,90";
"17244";"4260617974194";"29,90";;;;;"29,90";;;;;"29,90";
"17245";"4260617973982";"8,90";;;;;"8,90";;;;;"8,90";
"17246";"BFGP5";"49,90";;;;;"39,92";;;;;"49,90";
"17247";"8720598990553";"23,99";;;;;"23,99";;;;;"23,99";
"17248";"8717202904259";"19,00";;;;;"19,00";;;;;"19,00";
"17249";"8717202908172";"25,50";;;;;"25,50";;;;;"25,50";
"17250";"ETCM6";"70,00";;;;;"70,00";;;;;"70,00";
"17251";"8594171433924";"249,90";;;;;"249,90";;;;;"249,90";
"17252";"8594171433931";"259,90";;;;;"259,90";;;;;"259,90";
"17253";"8594171433955";"299,90";;;;;"299,90";;;;;"299,90";
"17254";"8594171433962";"319,90";;;;;"319,90";;;;;"319,90";
"17255";"8594171433979";"329,00";;;;;"329,00";;;;;"329,00";
"17256";"4262395863936";"80,00";;;;;"80,00";;;;;"80,00";
"17257";"4262395863899";"80,00";;;;;"80,00";;;;;"80,00";
"17258";"8785258333668";"7,90";;;;;"7,90";;;;;"7,90";
"17264";"wtbb3";"150,00";;;;;"150,00";;;;;"150,00";
"17265";"wtrg3";"119,99";;;;;"119,99";;;;;"119,99";
"17266";"4260520752247";"34,90";;;;;"34,90";;;;;"34,90";
"17268";"wtbb3";"150,00";;;;;"150,00";;;;;"150,00";
"17269";"wtct3";"119,99";;;;;"119,99";;;;;"119,99";
"17270";"wtnr3";"150,00";;;;;"150,00";;;;;"150,00";
"17271";"wtpc3";"150,00";;;;;"150,00";;;;;"150,00";
"17272";"wtp3";"150,00";;;;;"150,00";;;;;"150,00";
"17276";"bfah3";"33,99";;;;;"27,19";;;;;"33,99";
"17277";"bfcp5";"52,99";;;;;"42,39";;;;;"52,99";
"17278";"bfdp3";"33,99";;;;;"27,19";;;;;"33,99";
"17279";"bfdur3";"30,99";;;;;"24,79";;;;;"30,99";
"17280";"bflpc3";"31,99";;;;;"25,59";;;;;"31,99";
"17281";"bfmac3";"31,99";;;;;"25,59";;;;;"31,99";
"17282";"bfnl3";"31,99";;;;;"25,59";;;;;"31,99";
"17283";"bfrs113";"29,99";;;;;"23,99";;;;;"29,99";
"17284";"gnbg7";"89,90";;;;;"89,90";;;;;"89,90";
"17285";"gnem7";"89,90";;;;;"89,90";;;;;"89,90";
"17286";"gnblime7";"89,90";;;;;"89,90";;;;;"89,90";
"17287";"usf7";"119,90";;;;;"119,90";;;;;"119,90";
"17288";"usbx1";"119,99";;;;;"119,99";;;;;"119,99";
"17289";"3870000450313";"19,99";;;;;"19,99";;;;;"19,99";
"17290";"3870000450535";"19,99";;;;;"19,99";;;;;"19,99";
"17291";"3870000450511";"19,99";;;;;"19,99";;;;;"19,99";
"17299";"4260617970479";"109,90";;;;;"109,90";;;;;"109,90";
"17300";"BFAK3";"32,99";;;;;"26,39";;;;;"32,99";
"17301";"8721516027481";"79,90";;;;;"79,90";;;;;"79,90";
"17303";"8717202906178";"19,99";;;;;"19,99";;;;;"19,99";
"17305";"9421024923174";"249,90";;;;;"249,90";;;;;"249,90";
"17306";"9421024923181";"109,90";;;;;"109,90";;;;;"109,90";
"17309";;"49,90";;;;;"47,41";;;;;"49,90";
"17310";"8720188273097";"19,90";"10";"17,90";;;"19,90";;;;;"19,90";
"17311";"819137025202";"189,90";;;;;"189,90";;;;;"189,90";
"17312";"819137025219";"304,90";;;;;"304,90";;;;;"304,90";
"17313";"bfbr3";"35,99";;;;;"28,79";;;;;"35,99";
"17314";"bfkoga3";"35,99";;;;;"28,79";;;;;"35,99";
"17315";"bfgga3";"27,99";;;;;"22,39";;;;;"27,99";
"17316";"bfgc3";"35,99";;;;;"28,79";;;;;"35,99";
"17317";"bfgdp3";"32,99";;;;;"26,39";;;;;"32,99";
"17319";"8720188049548";"69,90";;;;;"62,91";;;;;"69,90";
"17320";"4262522121243";"34,99";;;;;"26,24";;;;;"34,99";
"17321";"4262522121342";"34,99";;;;;"26,24";;;;;"34,99";
"17322";"4262522121359";"34,99";;;;;"26,24";;;;;"34,99";
"17323";"4262522121335";"29,99";;;;;"22,49";;;;;"29,99";
"17324";"4262522121250";"29,99";;;;;"22,49";;;;;"29,99";
"17325";"4262522121267";"24,99";;;;;"18,74";;;;;"24,99";
"17326";"4262522121274";"24,99";;;;;"18,74";;;;;"24,99";
"17327";"4262522121281";"34,99";;;;;"26,24";;;;;"34,99";
"17328";"4262522121304";"34,99";;;;;"26,24";;;;;"34,99";
"17329";"4262522121298";"34,99";;;;;"26,24";;;;;"34,99";
"17330";"4270004900927";"24,95";;;;;"24,95";;;;;"24,95";
"17331";"4260617975696";"159,90";;;;;"159,90";;;;;"159,90";
"17381";"8720598991802";"24,95";;;;;"24,95";;;;;"24,95";
"17382";"8720598994001";"35,99";;;;;"35,99";;;;;"35,99";
"17383";"8720598993967";"35,99";;;;;"35,99";;;;;"35,99";
"17384";"8720598992977";"29,95";;;;;"29,95";;;;;"29,95";
"17385";"8720598991277";"24,95";;;;;"24,95";;;;;"24,95";
"17386";"8719497402649";"24,00";;;;;"24,00";;;;;"24,00";
"17387";"8719497402724";"30,99";;;;;"30,99";;;;;"30,99";
"17388";"3870000146865";"17,50";;;;;"17,50";;;;;"17,50";
"17389";"3870000332039";"33,99";;;;;"33,99";;;;;"33,99";
"17390";"9120089670152";"34,90";;;;;"34,90";;;;;"34,90";
"17391";"9120089670138";"11,90";;;;;"11,90";;;;;"11,90";
"17392";"9120089670145";"19,90";;;;;"19,90";;;;;"19,90";
"17393";"9120089670169";"129,90";;;;;"129,90";;;;;"129,90";
"17394";"8718924654835";"16,90";;;;;"16,90";;;;;"16,90";
"17395";"8718924654811";"7,90";;;;;"7,90";;;;;"7,90";
"17396";"8718924654828";"10,90";;;;;"10,90";;;;;"10,90";
"17397";"88718924656938";"64,90";;;;;"64,90";;;;;"64,90";
"17398";"8718924654941";"39,90";;;;;"39,90";;;;;"39,90";
"17402";"850038693572";"179,00";;;;;"161,10";;;;;"179,00";
"17403";"850038693558";"179,00";;;;;"161,10";;;;;"179,00";
"17404";"850038693596";"179,00";;;;;"161,10";;;;;"179,00";
"17405";"bbsbgsc10";"24,90";;;;;"24,90";;;;;"24,90";
"17406";"819137023369";"119,00";;;;;"119,00";;;;;"119,00";
"17407";"819137023352";"109,00";;;;;"109,00";;;;;"109,00";
"17408";"819137024168";"99,00";;;;;"99,00";;;;;"99,00";
"17409";"819137024175";"149,00";;;;;"149,00";;;;;"149,00";
"17410";"819137024199";"239,00";;;;;"239,00";;;;;"239,00";
"17411";"cgal3";"79,90";;;;;"79,90";;;;;"79,90";
"17412";"819137021808";"12,00";;;;;"12,00";;;;;"12,00";
"17413";"819137021815";"16,99";;;;;"16,99";;;;;"16,99";
"17414";"819137021822";"21,99";;;;;"21,99";;;;;"21,99";
"17415";"819137024991";"40,00";;;;;"40,00";;;;;"40,00";
"17416";"819137025004";"49,99";;;;;"49,99";;;;;"49,99";
"17417";"819137022454";"72,00";;;;;"72,00";;;;;"72,00";
"17418";"819137024137";"26,99";;;;;"26,99";;;;;"26,99";
"17419";"819137022379";"33,99";;;;;"33,99";;;;;"33,99";
"17420";"819137022386";"25,99";;;;;"25,99";;;;;"25,99";
"17423";"819137023987";"99,00";;;;;"99,00";;;;;"99,00";
"17424";"819137024212";"189,00";;;;;"189,00";;;;;"189,00";
"17425";"819137022027";"24,99";;;;;"24,99";;;;;"24,99";
"17426";"819137022034";"26,99";;;;;"26,99";;;;;"26,99";
"17427";"819137022041";"29,99";;;;;"29,99";;;;;"29,99";
"17428";"819137022058";"34,99";;;;;"34,99";;;;;"34,99";
"17429";"819137023437";"20,99";;;;;"20,99";;;;;"20,99";
"17430";"819137023444";"23,99";;;;;"23,99";;;;;"23,99";
"17431";"819137022560";"189,00";;;;;"189,00";;;;;"189,00";
"17432";"819137023215";"86,99";;;;;"86,99";;;;;"86,99";
"17433";"819137023413";"109,00";;;;;"109,00";;;;;"109,00";
"17434";"819137024540";"29,99";;;;;"29,99";;;;;"29,99";
"17435";"819137024557";"43,99";;;;;"43,99";;;;;"43,99";
"17436";"819137024564";"62,99";;;;;"62,99";;;;;"62,99";
"17437";"819137023468";"23,99";;;;;"23,99";;;;;"23,99";
"17438";"819137023765";"36,99";;;;;"36,99";;;;;"36,99";
"17439";"9421024922900";"136,85";;;;;"136,85";;;;;"136,85";
"17440";;"58,90";;;;;"58,90";;;;;"58,90";
"17442";"uspl6";"118,99";;;;;"118,99";;;;;"118,99";
"17444";"uselt6";"118,99";;;;;"118,99";;;;;"118,99";
"17445";"usoda6";"118,99";;;;;"118,99";;;;;"118,99";
"17446";"cglcp3";"83,99";;;;;"83,99";;;;;"83,99";
"17447";"cgll3";"83,99";;;;;"83,99";;;;;"83,99";
"17448";"cgsb3";"83,99";;;;;"83,99";;;;;"83,99";
"17449";"cgnak3";"83,99";;;;;"83,99";;;;;"83,99";
"17450";"wttk3";"124,99";;;;;"124,99";;;;;"124,99";
"17452";;"649,00";;;;;"325,00";;;;;"649,00";
"17453";;"649,00";;;;;"325,00";;;;;"649,00";
"17455";"cgbbl3";"79,90";;;;;"79,90";;;;;"79,90";
"17458";"cgbl3";"99,00";;;;;"99,00";;;;;"99,00";
"17459";"cggl3";"79,99";;;;;"79,99";;;;;"79,99";
"17460";"cggk3";"79,99";;;;;"79,99";;;;;"79,99";
"17461";"cgl3";"79,90";;;;;"79,90";;;;;"79,90";
"17462";"4260617970011";"16,90";;;;;"16,90";;;;;"16,90";
"17463";"4260617970790";"29,90";;;;;"29,90";;;;;"29,90";
"17465";"elda3";"57,99";;;;;"57,99";;;;;"57,99";
"17466";"etlwh5";"79,99";;;;;"79,99";;;;;"79,99";
"17467";"ewm6";"79,99";;;;;"79,99";;;;;"79,99";
"17468";"wtcp";"800,00";;;;;"800,00";;;;;"800,00";
"17469";"8594171430695";"6,90";;;;;"6,90";;;;;"6,90";
"17470";"ssww3";"24,99";;;;;"24,99";;;;;"24,99";
"17471";"sscm3";"26,99";;;;;"26,99";;;;;"26,99";
"17472";"sskitt23";"28,00";;;;;"28,00";;;;;"28,00";
"17473";"sscoo3";"27,99";;;;;"27,99";;;;;"27,99";
"17474";"ssce3";"37,99";;;;;"37,99";;;;;"37,99";
"17475";"sstj3";"39,00";;;;;"39,00";;;;;"39,00";
"17476";"ssmc3";"39,00";;;;;"39,00";;;;;"39,00";
"17477";"sswr3";"27,99";;;;;"27,99";;;;;"27,99";
"17478";"ssal3";"25,99";;;;;"25,99";;;;;"25,99";
"17479";"ssmb3";"26,99";;;;;"26,99";;;;;"26,99";
"17480";"ssrg3";"38,99";;;;;"38,99";;;;;"38,99";
"17481";"ssgf3";"27,99";;;;;"27,99";;;;;"27,99";
"17482";"sslavc3";"27,99";;;;;"27,99";;;;;"27,99";
"17483";"thshn2";"25,00";;;;;"25,00";;;;;"25,00";
"17484";"thsph2";"19,99";;;;;"19,99";;;;;"19,99";
"17485";"thsvs2";"22,99";;;;;"22,99";;;;;"22,99";
"17486";"thspl2";"22,99";;;;;"22,99";;;;;"22,99";
"17487";"thska2";"19,99";;;;;"19,99";;;;;"19,99";
"17488";"thsab5";"40,99";;;;;"40,99";;;;;"40,99";
"17489";"bfpc3";"31,15";;;;;"24,92";;;;;"31,15";
"17490";"8435523601977";"21,50";;;;;"21,50";;;;;"21,50";
"17492";"8435523614533";"29,00";;;;;"29,00";;;;;"29,00";
"17496";"wtlf3";"124,99";;;;;"124,99";;;;;"124,99";
"17497";"wtbig3";"149,99";;;;;"149,99";;;;;"149,99";
"17498";"wttg3";"124,99";;;;;"124,99";;;;;"124,99";
"17499";"4260617979656";"4,90";;;;;"4,90";;;;;"4,90";
"17505";"8718924651377";"6,90";;;;;"6,90";;;;;"6,90";
"17506";"8718924651490";"11,90";;;;;"11,90";;;;;"11,90";
"17507";"8718924651551";"19,90";;;;;"19,90";;;;;"19,90";
"17508";"8718924651728";"29,90";;;;;"29,90";;;;;"29,90";
"17509";"8718924658901";"69,90";;;;;"69,90";;;;;"69,90";
"17510";"ghsnc3promo";"39,99";;;;;"39,99";;;;;"39,99";
"17512";"klha2";"22,90";"3";"10,95";"10";"10,45";"11,45";;;;;"22,90";
"17514";"8594171433986";"149,90";;;;;"149,90";;;;;"149,90";
"17516";"7439607137117";"2,90";;;;;"2,90";;;;;"2,90";
"17517";"7439607137124";"3,50";;;;;"3,50";;;;;"3,50";
"17519";"bftmf3";"33,50";;;;;"26,80";;;;;"33,50";
"17520";"bflcca3";"33,50";;;;;"26,80";;;;;"33,50";
"17521";"bfcca3";"33,50";;;;;"26,80";;;;;"33,50";
"17522";"bftca3";"36,50";;;;;"29,20";;;;;"36,50";
"17523";"bfbba3";"33,50";;;;;"26,80";;;;;"33,50";
"17524";"bftwa3";"33,50";;;;;"26,80";;;;;"33,50";
"17525";"bfaha3";"31,50";;;;;"25,20";;;;;"31,50";
"17526";"bfbga3";"36,50";;;;;"29,20";;;;;"36,50";
"13425-39106";;"3,90";;;;;"3,90";;;;;"3,90";
"17529";"wtc3";"150,00";;;;;"150,00";;;;;"150,00";
"17530";;"199,90";;;;;"199,90";;;;;"199,90";
"17532";"3870000377047";"33,99";;;;;"23,79";;;;;"33,99";
"17535";;"44,90";;;;;"44,90";;;;;"44,90";
"17536";;"44,90";;;;;"44,90";;;;;"44,90";
"17537";;"44,90";;;;;"44,90";;;;;"44,90";
"17538";;"44,90";;;;;"44,90";;;;;"44,90";
"17539";;"44,90";;;;;"44,90";;;;;"44,90";
"17540";;"44,90";;;;;"44,90";;;;;"44,90";
